1,6373,243,-180
2,6380,244,-179.914
3,6376,246,-179.829
4,6379,246,-179.743
5,6368,246,-179.657
6,6372,245,-179.571
7,6371,248,-179.486
8,6366,249,-179.4
9,6377,248,-179.314
10,6387,246,-179.229
11,6371,250,-179.143
12,6382,248,-179.057
13,6376,251,-178.971
14,6365,253,-178.886
15,6373,252,-178.8
16,6377,256,-178.714
17,6367,255,-178.629
18,6377,255,-178.543
19,6379,258,-178.457
20,6373,259,-178.371
21,6365,260,-178.286
22,6360,262,-178.2
23,6365,265,-178.114
24,6358,267,-178.029
25,6363,266,-177.943
26,6360,269,-177.857
27,6367,271,-177.771
28,6364,271,-177.686
29,6359,274,-177.6
30,6366,275,-177.514
31,6363,277,-177.429
32,6371,279,-177.343
33,6365,282,-177.257
34,6344,284,-177.171
35,6365,285,-177.086
36,6348,295,-177
37,6363,298,-176.914
38,6377,312,-176.829
39,6355,335,-176.743
40,6364,445,-176.657
41,6362,552,-176.571
42,6370,550,-176.486
43,6362,425,-176.4
44,6363,324,-176.314
45,6368,307,-176.229
46,6371,299,-176.143
47,6368,293,-176.057
48,6362,288,-175.971
49,6367,289,-175.886
50,6373,284,-175.8
51,6371,281,-175.714
52,6360,278,-175.629
53,6361,278,-175.543
54,6365,280,-175.457
55,6357,276,-175.371
56,6368,276,-175.286
57,6359,272,-175.2
58,6373,273,-175.114
59,6351,272,-175.029
60,6370,269,-174.943
61,6374,266,-174.857
62,6359,268,-174.771
63,6372,263,-174.686
64,6364,266,-174.6
65,6361,265,-174.514
66,6372,260,-174.429
67,6375,263,-174.343
68,6353,263,-174.257
69,6373,258,-174.171
70,6353,259,-174.086
71,6365,259,-174
72,6378,258,-173.914
73,6361,259,-173.829
74,6380,255,-173.743
75,6375,258,-173.657
76,6372,256,-173.571
77,6370,253,-173.486
78,6362,255,-173.4
79,6374,256,-173.314
80,6359,253,-173.229
81,6391,248,-173.143
82,6364,250,-173.057
83,6391,248,-172.971
84,6377,251,-172.886
85,6377,249,-172.8
86,6370,251,-172.714
87,6356,250,-172.629
88,6381,246,-172.543
89,6373,247,-172.457
90,6377,247,-172.371
91,6381,243,-172.286
92,6385,242,-172.2
93,6372,245,-172.114
94,6396,242,-172.029
95,6390,226,-171.943
96,6394,127,-171.857
97,6440,116,-171.771
98,6448,112,-171.686
99,6444,112,-171.6
100,6422,110,-171.514
101,6472,106,-171.429
102,6440,101,-171.343
103,6446,96,-171.257
104,6467,94,-171.171
105,6449,92,-171.086
106,6443,94,-171
107,6476,91,-170.914
108,6472,86,-170.829
109,6490,96,-170.743
110,6478,91,-170.657
111,6453,87,-170.571
112,6485,92,-170.486
113,6487,83,-170.4
114,6467,85,-170.314
115,6487,82,-170.229
116,6473,78,-170.143
117,6470,76,-170.057
118,6459,67,-169.971
119,6471,75,-169.886
120,6462,63,-169.8
121,6498,75,-169.714
122,6444,69,-169.629
123,6438,68,-169.543
124,6456,58,-169.457
125,6480,60,-169.371
126,6464,53,-169.286
127,6497,57,-169.2
128,6488,41,-169.114
129,6507,55,-169.029
130,6481,46,-168.943
131,6494,41,-168.857
132,6503,53,-168.771
133,6442,33,-168.686
134,6522,37,-168.6
135,6472,38,-168.514
136,6504,32,-168.429
137,6537,32,-168.343
138,6473,39,-168.257
139,6646,32,-168.171
140,1048575,0,-168.086
141,6477,32,-168
142,1048575,0,-167.914
143,1048575,0,-167.829
144,6536,32,-167.743
145,1048575,0,-167.657
146,1048575,0,-167.571
147,1048575,0,-167.486
148,6533,32,-167.4
149,1048575,0,-167.314
150,6450,32,-167.229
151,1048575,0,-167.143
152,1048575,0,-167.057
153,6595,32,-166.971
154,1048575,0,-166.886
155,1048575,0,-166.8
156,6539,32,-166.714
157,1048575,0,-166.629
158,1048575,0,-166.543
159,1048575,0,-166.457
160,1048575,0,-166.371
161,1048575,0,-166.286
162,1048575,0,-166.2
163,1048575,0,-166.114
164,1048575,0,-166.029
165,1048575,0,-165.943
166,1048575,0,-165.857
167,1048575,0,-165.771
168,1048575,0,-165.686
169,1048575,0,-165.6
170,1048575,0,-165.514
171,1048575,0,-165.429
172,1048575,0,-165.343
173,1048575,0,-165.257
174,1048575,0,-165.171
175,1048575,0,-165.086
176,1048575,0,-165
177,1048575,0,-164.914
178,1048575,0,-164.829
179,1048575,0,-164.743
180,1048575,0,-164.657
181,1048575,0,-164.571
182,1048575,0,-164.486
183,1048575,0,-164.4
184,1048575,0,-164.314
185,1048575,0,-164.229
186,1048575,0,-164.143
187,1048575,0,-164.057
188,1048575,0,-163.971
189,1048575,0,-163.886
190,1048575,0,-163.8
191,1048575,0,-163.714
192,1048575,0,-163.629
193,1048575,0,-163.543
194,6645,125,-163.457
195,6624,111,-163.371
196,6629,142,-163.286
197,6592,139,-163.2
198,6555,178,-163.114
199,6533,223,-163.029
200,6574,211,-162.943
201,6569,140,-162.857
202,6542,32,-162.771
203,8127,90,-162.686
204,8122,104,-162.6
205,8126,105,-162.514
206,8127,107,-162.429
207,8129,103,-162.343
208,8139,106,-162.257
209,8139,110,-162.171
210,8125,108,-162.086
211,8140,77,-162
212,8183,50,-161.914
213,8207,50,-161.829
214,8172,53,-161.743
215,8208,56,-161.657
216,8163,46,-161.571
217,8170,42,-161.486
218,8227,46,-161.4
219,8221,48,-161.314
220,8211,44,-161.229
221,8215,45,-161.143
222,8209,44,-161.057
223,8242,33,-160.971
224,8256,43,-160.886
225,1048575,0,-160.8
226,1048575,0,-160.714
227,1048575,0,-160.629
228,8360,32,-160.543
229,1048575,0,-160.457
230,8242,32,-160.371
231,8222,36,-160.286
232,8224,52,-160.2
233,8238,35,-160.114
234,8238,37,-160.029
235,8228,34,-159.943
236,8273,32,-159.857
237,8285,32,-159.771
238,1048575,0,-159.686
239,8291,38,-159.6
240,8302,44,-159.514
241,8264,41,-159.429
242,8293,32,-159.343
243,8302,36,-159.257
244,8257,33,-159.171
245,8339,32,-159.086
246,8265,43,-159
247,1048575,0,-158.914
248,8316,32,-158.829
249,8294,34,-158.743
250,8272,32,-158.657
251,8324,36,-158.571
252,1048575,0,-158.486
253,8273,33,-158.4
254,8332,32,-158.314
255,8365,32,-158.229
256,8351,32,-158.143
257,8327,32,-158.057
258,8357,32,-157.971
259,1048575,0,-157.886
260,1048575,0,-157.8
261,1048575,0,-157.714
262,1048575,0,-157.629
263,8376,32,-157.543
264,8338,32,-157.457
265,1048575,0,-157.371
266,8395,32,-157.286
267,8398,32,-157.2
268,8398,32,-157.114
269,8403,41,-157.029
270,8402,57,-156.943
271,8391,58,-156.857
272,8359,80,-156.771
273,8365,86,-156.686
274,8367,79,-156.6
275,8376,80,-156.514
276,8371,85,-156.429
277,8354,81,-156.343
278,8370,79,-156.257
279,8358,74,-156.171
280,1048575,0,-156.086
281,1048575,0,-156
282,1048575,0,-155.914
283,1048575,0,-155.829
284,1048575,0,-155.743
285,1048575,0,-155.657
286,1048575,0,-155.571
287,1048575,0,-155.486
288,11207,102,-155.4
289,11192,171,-155.314
290,11191,179,-155.229
291,11218,116,-155.143
292,1048575,0,-155.057
293,1048575,0,-154.971
294,1048575,0,-154.886
295,1048575,0,-154.8
296,1048575,0,-154.714
297,6936,80,-154.629
298,6934,80,-154.543
299,6976,57,-154.457
300,6920,123,-154.371
301,6885,122,-154.286
302,6888,158,-154.2
303,6879,188,-154.114
304,6866,205,-154.029
305,6868,165,-153.943
306,6880,155,-153.857
307,6900,152,-153.771
308,6899,147,-153.686
309,6895,152,-153.6
310,6904,150,-153.514
311,6908,155,-153.429
312,6899,150,-153.343
313,6901,155,-153.257
314,6914,150,-153.171
315,6927,147,-153.086
316,6912,151,-153
317,6913,151,-152.914
318,6931,152,-152.829
319,6921,146,-152.743
320,6930,152,-152.657
321,6936,149,-152.571
322,6948,148,-152.486
323,6944,152,-152.4
324,6945,150,-152.314
325,6973,150,-152.229
326,6960,146,-152.143
327,6966,150,-152.057
328,6963,147,-151.971
329,6968,147,-151.886
330,6993,149,-151.8
331,6998,144,-151.714
332,6992,150,-151.629
333,7015,148,-151.543
334,7005,148,-151.457
335,7011,152,-151.371
336,7017,193,-151.286
337,7009,209,-151.2
338,7020,171,-151.114
339,7029,190,-151.029
340,7041,193,-150.943
341,7025,191,-150.857
342,7025,147,-150.771
343,1048575,0,-150.686
344,1048575,0,-150.6
345,1048575,0,-150.514
346,1048575,0,-150.429
347,1048575,0,-150.343
348,1048575,0,-150.257
349,1048575,0,-150.171
350,1048575,0,-150.086
351,1048575,0,-150
352,1048575,0,-149.914
353,1048575,0,-149.829
354,1048575,0,-149.743
355,1048575,0,-149.657
356,1048575,0,-149.571
357,1048575,0,-149.486
358,1048575,0,-149.4
359,1048575,0,-149.314
360,1048575,0,-149.229
361,1048575,0,-149.143
362,1048575,0,-149.057
363,1048575,0,-148.971
364,1048575,0,-148.886
365,16139,72,-148.8
366,16138,95,-148.714
367,16175,32,-148.629
368,16171,58,-148.543
369,16241,32,-148.457
370,1048575,0,-148.371
371,1048575,0,-148.286
372,1048575,0,-148.2
373,1048575,0,-148.114
374,1048575,0,-148.029
375,1048575,0,-147.943
376,16149,38,-147.857
377,16190,32,-147.771
378,1048575,0,-147.686
379,16120,42,-147.6
380,16206,32,-147.514
381,16124,35,-147.429
382,16174,32,-147.343
383,1048575,0,-147.257
384,1048575,0,-147.171
385,1048575,0,-147.086
386,16053,36,-147
387,1048575,0,-146.914
388,16076,41,-146.829
389,1048575,0,-146.743
390,16196,32,-146.657
391,1048575,0,-146.571
392,16026,32,-146.486
393,1048575,0,-146.4
394,15977,32,-146.314
395,16088,34,-146.229
396,1048575,0,-146.143
397,16069,32,-146.057
398,16004,32,-145.971
399,16008,32,-145.886
400,15995,32,-145.8
401,15986,32,-145.714
402,1048575,0,-145.629
403,15977,45,-145.543
404,1048575,0,-145.457
405,1048575,0,-145.371
406,1048575,0,-145.286
407,15894,32,-145.2
408,15828,125,-145.114
409,15867,48,-145.029
410,15901,44,-144.943
411,1048575,0,-144.857
412,7411,88,-144.771
413,7413,149,-144.686
414,7390,149,-144.6
415,7369,150,-144.514
416,7348,149,-144.429
417,7326,147,-144.343
418,7311,151,-144.257
419,7307,150,-144.171
420,7281,150,-144.086
421,7274,153,-144
422,7253,150,-143.914
423,7221,152,-143.829
424,7220,151,-143.743
425,7182,154,-143.657
426,7157,155,-143.571
427,7152,155,-143.486
428,7136,151,-143.4
429,7114,155,-143.314
430,7095,157,-143.229
431,7073,158,-143.143
432,7038,158,-143.057
433,7026,160,-142.971
434,7036,156,-142.886
435,6982,160,-142.8
436,6965,160,-142.714
437,6954,165,-142.629
438,6939,160,-142.543
439,6932,161,-142.457
440,6921,160,-142.371
441,6905,160,-142.286
442,6901,159,-142.2
443,6866,158,-142.114
444,6851,161,-142.029
445,6812,162,-141.943
446,6807,166,-141.857
447,6811,161,-141.771
448,6770,165,-141.686
449,6771,164,-141.6
450,6765,164,-141.514
451,6722,169,-141.429
452,6717,163,-141.343
453,6699,173,-141.257
454,6674,171,-141.171
455,6651,206,-141.086
456,6678,227,-141
457,6664,228,-140.914
458,6703,226,-140.829
459,6807,223,-140.743
460,6838,220,-140.657
461,6829,220,-140.571
462,6792,223,-140.486
463,6807,220,-140.4
464,6783,220,-140.314
465,6756,224,-140.229
466,6752,220,-140.143
467,6740,221,-140.057
468,6723,220,-139.971
469,6720,217,-139.886
470,6703,218,-139.8
471,6683,218,-139.714
472,6653,220,-139.629
473,6654,219,-139.543
474,6652,218,-139.457
475,6625,219,-139.371
476,6600,219,-139.286
477,6614,218,-139.2
478,6597,215,-139.114
479,6561,219,-139.029
480,6551,217,-138.943
481,6538,217,-138.857
482,6521,221,-138.771
483,6525,217,-138.686
484,6513,219,-138.6
485,6474,222,-138.514
486,6458,221,-138.429
487,6470,218,-138.343
488,6440,222,-138.257
489,6442,219,-138.171
490,6417,222,-138.086
491,6404,224,-138
492,6389,221,-137.914
493,6401,221,-137.829
494,6382,223,-137.743
495,6369,222,-137.657
496,6335,225,-137.571
497,6349,223,-137.486
498,6315,225,-137.4
499,6324,224,-137.314
500,6301,226,-137.229
501,6300,223,-137.143
502,6271,223,-137.057
503,6265,225,-136.971
504,6257,223,-136.886
505,6244,226,-136.8
506,6246,223,-136.714
507,6224,226,-136.629
508,6204,230,-136.543
509,6205,229,-136.457
510,6189,227,-136.371
511,6164,230,-136.286
512,6166,228,-136.2
513,6157,227,-136.114
514,6139,231,-136.029
515,6145,227,-135.943
516,6130,229,-135.857
517,6115,231,-135.771
518,6112,230,-135.686
519,6091,231,-135.6
520,6077,229,-135.514
521,6072,230,-135.429
522,6064,231,-135.343
523,6050,232,-135.257
524,6038,228,-135.171
525,6012,229,-135.086
526,6018,226,-135
527,6007,225,-134.914
528,5995,216,-134.829
529,5982,206,-134.743
530,5981,205,-134.657
531,5963,205,-134.571
532,5954,206,-134.486
533,5947,203,-134.4
534,5937,203,-134.314
535,5908,204,-134.229
536,5900,204,-134.143
537,5892,204,-134.057
538,5889,206,-133.971
539,5884,203,-133.886
540,5870,204,-133.8
541,5849,208,-133.714
542,5865,202,-133.629
543,5828,206,-133.543
544,5835,205,-133.457
545,5814,204,-133.371
546,5813,207,-133.286
547,5785,206,-133.2
548,5796,207,-133.114
549,5771,209,-133.029
550,5780,208,-132.943
551,5762,208,-132.857
552,5756,207,-132.771
553,5744,208,-132.686
554,5745,208,-132.6
555,5715,208,-132.514
556,5705,210,-132.429
557,5704,209,-132.343
558,5699,212,-132.257
559,5682,211,-132.171
560,5685,210,-132.086
561,5656,212,-132
562,5667,213,-131.914
563,5642,212,-131.829
564,5642,212,-131.743
565,5642,215,-131.657
566,5642,214,-131.571
567,5621,212,-131.486
568,5610,215,-131.4
569,5609,211,-131.314
570,5593,212,-131.229
571,5569,216,-131.143
572,5573,212,-131.057
573,5568,214,-130.971
574,5565,214,-130.886
575,5545,214,-130.8
576,5538,215,-130.714
577,5518,217,-130.629
578,5532,216,-130.543
579,5524,218,-130.457
580,5514,214,-130.371
581,5492,216,-130.286
582,5494,216,-130.2
583,5488,217,-130.114
584,5479,215,-130.029
585,5460,217,-129.943
586,5468,216,-129.857
587,5449,215,-129.771
588,5437,218,-129.686
589,5434,219,-129.6
590,5429,216,-129.514
591,5423,219,-129.429
592,5420,218,-129.343
593,5399,217,-129.257
594,5393,219,-129.171
595,5402,218,-129.086
596,5377,220,-129
597,5360,219,-128.914
598,5366,217,-128.829
599,5361,219,-128.743
600,5346,218,-128.657
601,5336,220,-128.571
602,5337,220,-128.486
603,5330,221,-128.4
604,5317,220,-128.314
605,5316,220,-128.229
606,5311,221,-128.143
607,5293,221,-128.057
608,5295,221,-127.971
609,5280,223,-127.886
610,5276,221,-127.8
611,5270,224,-127.714
612,5276,220,-127.629
613,5245,223,-127.543
614,5244,223,-127.457
615,5248,220,-127.371
616,5242,222,-127.286
617,5220,224,-127.2
618,5215,224,-127.114
619,5221,224,-127.029
620,5183,227,-126.943
621,5190,224,-126.857
622,5198,224,-126.771
623,5175,226,-126.686
624,5165,228,-126.6
625,5163,226,-126.514
626,5168,224,-126.429
627,5157,224,-126.343
628,5169,223,-126.257
629,5153,225,-126.171
630,5128,227,-126.086
631,5124,227,-126
632,5123,223,-125.914
633,5111,229,-125.829
634,5111,225,-125.743
635,5094,229,-125.657
636,5098,226,-125.571
637,5107,226,-125.486
638,5089,225,-125.4
639,5082,228,-125.314
640,5071,228,-125.229
641,5061,231,-125.143
642,5063,228,-125.057
643,5051,227,-124.971
644,5054,228,-124.886
645,5027,230,-124.8
646,5033,230,-124.714
647,5028,229,-124.629
648,5013,230,-124.543
649,5027,228,-124.457
650,5006,230,-124.371
651,5005,232,-124.286
652,5002,229,-124.2
653,4994,233,-124.114
654,4980,234,-124.029
655,4989,229,-123.943
656,4985,232,-123.857
657,4969,232,-123.771
658,4952,231,-123.686
659,4956,233,-123.6
660,4949,233,-123.514
661,4937,252,-123.429
662,4933,258,-123.343
663,4930,259,-123.257
664,4928,258,-123.171
665,4926,256,-123.086
666,4919,258,-123
667,4896,261,-122.914
668,4912,257,-122.829
669,4892,258,-122.743
670,4899,256,-122.657
671,4893,259,-122.571
672,4870,262,-122.486
673,4865,261,-122.4
674,4876,258,-122.314
675,4872,258,-122.229
676,4843,262,-122.143
677,4864,260,-122.057
678,4849,262,-121.971
679,4846,258,-121.886
680,4847,261,-121.8
681,4836,259,-121.714
682,4836,261,-121.629
683,4815,260,-121.543
684,4813,261,-121.457
685,4813,259,-121.371
686,4802,263,-121.286
687,4796,259,-121.2
688,4809,263,-121.114
689,4781,262,-121.029
690,4798,260,-120.943
691,4775,262,-120.857
692,4781,262,-120.771
693,4763,264,-120.686
694,4780,260,-120.6
695,4772,260,-120.514
696,4760,263,-120.429
697,4745,263,-120.343
698,4755,262,-120.257
699,4747,261,-120.171
700,4734,263,-120.086
701,4721,265,-120
702,4728,264,-119.914
703,4718,264,-119.829
704,4724,261,-119.743
705,4691,267,-119.657
706,4708,262,-119.571
707,4705,264,-119.486
708,4690,263,-119.4
709,4698,262,-119.314
710,4704,262,-119.229
711,4694,262,-119.143
712,4680,264,-119.057
713,4672,265,-118.971
714,4676,264,-118.886
715,4679,262,-118.8
716,4676,263,-118.714
717,4637,265,-118.629
718,4657,263,-118.543
719,4649,264,-118.457
720,4645,264,-118.371
721,4650,264,-118.286
722,4629,266,-118.2
723,4625,265,-118.114
724,4628,264,-118.029
725,4621,265,-117.943
726,4619,265,-117.857
727,4609,267,-117.771
728,4587,266,-117.686
729,4599,267,-117.6
730,4576,271,-117.514
731,4567,274,-117.429
732,4539,278,-117.343
733,4524,283,-117.257
734,4502,287,-117.171
735,4493,292,-117.086
736,4471,302,-117
737,4457,308,-116.914
738,4461,317,-116.829
739,4457,326,-116.743
740,4433,336,-116.657
741,4436,356,-116.571
742,4431,392,-116.486
743,4450,434,-116.4
744,4432,774,-116.314
745,4432,996,-116.229
746,4435,1082,-116.143
747,4449,1141,-116.057
748,4426,1249,-115.971
749,4439,1362,-115.886
750,4443,1283,-115.8
751,4430,1169,-115.714
752,4438,1107,-115.629
753,4433,1040,-115.543
754,4436,925,-115.457
755,4452,601,-115.371
756,4442,415,-115.286
757,4442,382,-115.2
758,4436,351,-115.114
759,4431,330,-115.029
760,4454,321,-114.943
761,4436,315,-114.857
762,4446,303,-114.771
763,4465,295,-114.686
764,4456,291,-114.6
765,4448,285,-114.514
766,4455,279,-114.429
767,4453,278,-114.343
768,4453,274,-114.257
769,4461,269,-114.171
770,4448,269,-114.086
771,4437,271,-114
772,4435,270,-113.914
773,4434,268,-113.829
774,4425,269,-113.743
775,4433,268,-113.657
776,4418,269,-113.571
777,4394,271,-113.486
778,4417,267,-113.4
779,4415,267,-113.314
780,4407,269,-113.229
781,4403,267,-113.143
782,4401,269,-113.057
783,4381,270,-112.971
784,4393,268,-112.886
785,4390,269,-112.8
786,4371,271,-112.714
787,4378,269,-112.629
788,4382,267,-112.543
789,4380,268,-112.457
790,4366,270,-112.371
791,4368,267,-112.286
792,4362,268,-112.2
793,4362,270,-112.114
794,4349,270,-112.029
795,4353,269,-111.943
796,4341,269,-111.857
797,4333,271,-111.771
798,4343,271,-111.686
799,4337,269,-111.6
800,4332,271,-111.514
801,4348,269,-111.429
802,4331,271,-111.343
803,4321,271,-111.257
804,4329,270,-111.171
805,4321,269,-111.086
806,4331,268,-111
807,4327,269,-110.914
808,4317,269,-110.829
809,4306,269,-110.743
810,4308,270,-110.657
811,4287,269,-110.571
812,4299,269,-110.486
813,4301,271,-110.4
814,4301,269,-110.314
815,4309,268,-110.229
816,4275,272,-110.143
817,4275,270,-110.057
818,4298,267,-109.971
819,4281,270,-109.886
820,4281,268,-109.8
821,4269,269,-109.714
822,4271,269,-109.629
823,4265,269,-109.543
824,4284,268,-109.457
825,4273,269,-109.371
826,4267,270,-109.286
827,4263,270,-109.2
828,4247,269,-109.114
829,4258,269,-109.029
830,4255,271,-108.943
831,4252,269,-108.857
832,4243,268,-108.771
833,4244,270,-108.686
834,4236,269,-108.6
835,4227,271,-108.514
836,4246,266,-108.429
837,4225,270,-108.343
838,24,32,-108.257
839,4224,271,-108.171
840,4205,270,-108.086
841,4221,269,-108
842,4211,270,-107.914
843,4207,271,-107.829
844,4204,270,-107.743
845,4212,270,-107.657
846,4198,271,-107.571
847,4198,269,-107.486
848,4204,269,-107.4
849,4189,271,-107.314
850,4185,271,-107.229
851,4204,268,-107.143
852,4193,269,-107.057
853,4208,267,-106.971
854,4196,268,-106.886
855,23,32,-106.8
856,1048575,6,-106.714
857,1048575,6,-106.629
858,1048575,6,-106.543
859,2026,107,-106.457
860,2022,126,-106.371
861,2038,142,-106.286
862,2028,219,-106.2
863,2089,430,-106.114
864,2021,315,-106.029
865,2024,314,-105.943
866,2036,315,-105.857
867,2029,315,-105.771
868,2027,313,-105.686
869,2025,316,-105.6
870,2008,317,-105.514
871,2042,314,-105.429
872,2023,315,-105.343
873,2020,316,-105.257
874,2012,315,-105.171
875,2022,315,-105.086
876,2029,315,-105
877,2015,317,-104.914
878,2027,315,-104.829
879,2002,319,-104.743
880,2013,317,-104.657
881,2006,316,-104.571
882,2009,318,-104.486
883,2009,316,-104.4
884,2010,319,-104.314
885,2012,318,-104.229
886,1987,318,-104.143
887,2014,316,-104.057
888,2007,318,-103.971
889,2008,317,-103.886
890,2005,318,-103.8
891,1991,317,-103.714
892,2013,317,-103.629
893,1996,317,-103.543
894,1987,318,-103.457
895,2007,317,-103.371
896,1998,318,-103.286
897,1995,317,-103.2
898,1993,316,-103.114
899,1990,319,-103.029
900,1984,318,-102.943
901,1998,316,-102.857
902,1987,317,-102.771
903,1971,319,-102.686
904,1986,317,-102.6
905,1987,318,-102.514
906,1995,315,-102.429
907,1980,317,-102.343
908,1974,316,-102.257
909,1977,317,-102.171
910,1976,319,-102.086
911,1984,319,-102
912,1972,318,-101.914
913,1965,321,-101.829
914,1987,319,-101.743
915,1972,317,-101.657
916,1980,317,-101.571
917,1971,319,-101.486
918,1970,319,-101.4
919,1966,320,-101.314
920,1957,320,-101.229
921,1960,321,-101.143
922,1966,318,-101.057
923,1967,318,-100.971
924,1966,318,-100.886
925,1976,318,-100.8
926,1967,319,-100.714
927,1973,317,-100.629
928,1973,318,-100.543
929,1952,320,-100.457
930,1959,319,-100.371
931,1966,318,-100.286
932,1958,319,-100.2
933,1950,318,-100.114
934,1959,319,-100.029
935,1972,317,-99.9429
936,1948,319,-99.8571
937,1962,318,-99.7714
938,1958,318,-99.6857
939,1955,317,-99.6
940,1967,316,-99.5143
941,1945,320,-99.4286
942,1950,318,-99.3429
943,1950,320,-99.2571
944,1948,320,-99.1714
945,1946,319,-99.0857
946,1940,318,-99
947,1932,322,-98.9143
948,1947,318,-98.8286
949,1951,319,-98.7429
950,1956,319,-98.6571
951,1942,318,-98.5714
952,1944,318,-98.4857
953,1944,319,-98.4
954,1932,320,-98.3143
955,1933,319,-98.2286
956,1931,319,-98.1429
957,1928,321,-98.0571
958,1939,318,-97.9714
959,1943,319,-97.8857
960,1921,320,-97.8
961,1942,318,-97.7143
962,1932,321,-97.6286
963,1918,322,-97.5429
964,1935,318,-97.4571
965,1924,320,-97.3714
966,1941,319,-97.2857
967,1940,319,-97.2
968,1933,320,-97.1143
969,1934,317,-97.0286
970,1934,320,-96.9429
971,1917,322,-96.8571
972,1927,321,-96.7714
973,1924,321,-96.6857
974,1933,320,-96.6
975,1933,322,-96.5143
976,1936,319,-96.4286
977,1922,320,-96.3429
978,1935,320,-96.2571
979,1929,319,-96.1714
980,1926,319,-96.0857
981,1946,319,-96
982,1925,320,-95.9143
983,1913,323,-95.8286
984,1917,321,-95.7429
985,1915,322,-95.6571
986,1918,322,-95.5714
987,1920,321,-95.4857
988,1924,322,-95.4
989,1917,321,-95.3143
990,1918,322,-95.2286
991,1926,321,-95.1429
992,1910,322,-95.0571
993,1932,322,-94.9714
994,1928,321,-94.8857
995,1916,322,-94.8
996,1913,323,-94.7143
997,1925,322,-94.6286
998,1906,323,-94.5429
999,1928,323,-94.4571
1000,1913,322,-94.3714
1001,1906,324,-94.2857
1002,1916,325,-94.2
1003,1901,324,-94.1143
1004,1919,323,-94.0286
1005,1904,324,-93.9429
1006,1919,322,-93.8571
1007,1918,325,-93.7714
1008,1914,324,-93.6857
1009,1912,323,-93.6
1010,1909,325,-93.5143
1011,1903,324,-93.4286
1012,1918,325,-93.3429
1013,1912,324,-93.2571
1014,1908,324,-93.1714
1015,1900,328,-93.0857
1016,1900,326,-93
1017,1903,325,-92.9143
1018,1900,324,-92.8286
1019,1897,326,-92.7429
1020,1910,325,-92.6571
1021,1912,325,-92.5714
1022,1889,325,-92.4857
1023,1899,326,-92.4
1024,1912,325,-92.3143
1025,1901,327,-92.2286
1026,1910,325,-92.1429
1027,1900,328,-92.0571
1028,1903,326,-91.9714
1029,1907,327,-91.8857
1030,1896,328,-91.8
1031,1890,328,-91.7143
1032,1914,328,-91.6286
1033,1913,328,-91.5429
1034,1895,327,-91.4571
1035,1896,327,-91.3714
1036,1899,327,-91.2857
1037,1893,329,-91.2
1038,1913,326,-91.1143
1039,1880,328,-91.0286
1040,1904,327,-90.9429
1041,1898,326,-90.8571
1042,1886,330,-90.7714
1043,1907,329,-90.6857
1044,1887,329,-90.6
1045,1881,330,-90.5143
1046,1891,331,-90.4286
1047,1883,332,-90.3429
1048,1891,328,-90.2571
1049,1895,328,-90.1714
1050,1898,331,-90.0857
1051,1881,327,-90
1052,1889,328,-89.9143
1053,1906,328,-89.8286
1054,1887,331,-89.7429
1055,1889,330,-89.6571
1056,1885,331,-89.5714
1057,1893,328,-89.4857
1058,1897,329,-89.4
1059,1880,331,-89.3143
1060,1894,329,-89.2286
1061,1889,329,-89.1429
1062,1890,330,-89.0571
1063,1892,329,-88.9714
1064,1890,329,-88.8857
1065,1891,329,-88.8
1066,1896,330,-88.7143
1067,1897,329,-88.6286
1068,1888,330,-88.5429
1069,1898,328,-88.4571
1070,1882,330,-88.3714
1071,1892,330,-88.2857
1072,1885,330,-88.2
1073,1895,329,-88.1143
1074,1886,329,-88.0286
1075,1888,330,-87.9429
1076,1879,330,-87.8571
1077,1892,329,-87.7714
1078,1892,330,-87.6857
1079,1890,328,-87.6
1080,1890,330,-87.5143
1081,1896,329,-87.4286
1082,1884,330,-87.3429
1083,1886,330,-87.2571
1084,1889,330,-87.1714
1085,1871,330,-87.0857
1086,1892,331,-87
1087,1897,329,-86.9143
1088,1888,330,-86.8286
1089,1881,332,-86.7429
1090,1891,331,-86.6571
1091,1878,330,-86.5714
1092,1879,331,-86.4857
1093,1891,330,-86.4
1094,1887,329,-86.3143
1095,1898,329,-86.2286
1096,1868,333,-86.1429
1097,1902,329,-86.0571
1098,1901,330,-85.9714
1099,1879,331,-85.8857
1100,1882,331,-85.8
1101,1887,328,-85.7143
1102,1886,320,-85.6286
1103,1941,308,-85.5429
1104,2177,470,-85.4571
1105,1048575,6,-85.3714
1106,1048575,6,-85.2857
1107,1048575,6,-85.2
1108,1048575,6,-85.1143
1109,2461,427,-85.0286
1110,2259,335,-84.9429
1111,2019,321,-84.8571
1112,2010,312,-84.7714
1113,1999,314,-84.6857
1114,2005,311,-84.6
1115,2003,307,-84.5143
1116,2001,299,-84.4286
1117,2025,286,-84.3429
1118,2000,280,-84.2571
1119,2100,416,-84.1714
1120,2279,462,-84.0857
1121,2284,468,-84
1122,2272,474,-83.9143
1123,2298,464,-83.8286
1124,2299,465,-83.7429
1125,2317,456,-83.6571
1126,2310,451,-83.5714
1127,2310,429,-83.4857
1128,2323,373,-83.4
1129,2324,302,-83.3143
1130,2337,300,-83.2286
1131,2329,301,-83.1429
1132,2311,299,-83.0571
1133,2332,294,-82.9714
1134,2351,287,-82.8857
1135,2325,289,-82.8
1136,2372,295,-82.7143
1137,2412,416,-82.6286
1138,2423,455,-82.5429
1139,2448,466,-82.4571
1140,2469,465,-82.3714
1141,2229,156,-82.2857
1142,2449,453,-82.2
1143,2435,406,-82.1143
1144,2400,268,-82.0286
1145,2384,277,-81.9429
1146,2398,283,-81.8571
1147,2390,290,-81.7714
1148,2414,289,-81.6857
1149,2404,288,-81.6
1150,2409,285,-81.5143
1151,2427,282,-81.4286
1152,2469,287,-81.3429
1153,2507,282,-81.2571
1154,2506,280,-81.1714
1155,2485,280,-81.0857
1156,2491,282,-81
1157,2486,281,-80.9143
1158,2454,286,-80.8286
1159,2487,283,-80.7429
1160,2474,282,-80.6571
1161,2478,297,-80.5714
1162,2520,406,-80.4857
1163,2571,434,-80.4
1164,2659,434,-80.3143
1165,2749,419,-80.2286
1166,2803,416,-80.1429
1167,2497,112,-80.0571
1168,3925,276,-79.9714
1169,3920,280,-79.8857
1170,3910,282,-79.8
1171,3908,281,-79.7143
1172,3909,281,-79.6286
1173,3911,282,-79.5429
1174,3913,281,-79.4571
1175,3929,274,-79.3714
1176,2455,137,-79.2857
1177,2648,433,-79.2
1178,2679,417,-79.1143
1179,2654,386,-79.0286
1180,2702,410,-78.9429
1181,2632,404,-78.8571
1182,2533,276,-78.7714
1183,2524,273,-78.6857
1184,2525,270,-78.6
1185,2532,269,-78.5143
1186,2526,270,-78.4286
1187,2522,273,-78.3429
1188,2530,269,-78.2571
1189,2539,267,-78.1714
1190,2573,286,-78.0857
1191,2594,330,-78
1192,2621,358,-77.9143
1193,2646,401,-77.8286
1194,2718,423,-77.7429
1195,2773,426,-77.6571
1196,2851,415,-77.5714
1197,2558,90,-77.4857
1198,3938,278,-77.4
1199,3930,284,-77.3143
1200,3931,285,-77.2286
1201,3936,282,-77.1429
1202,3933,284,-77.0571
1203,3938,285,-76.9714
1204,3951,283,-76.8857
1205,3945,285,-76.8
1206,3926,286,-76.7143
1207,3947,283,-76.6286
1208,3938,284,-76.5429
1209,3937,284,-76.4571
1210,3949,285,-76.3714
1211,3936,283,-76.2857
1212,3945,283,-76.2
1213,3954,284,-76.1143
1214,3942,284,-76.0286
1215,3959,281,-75.9429
1216,3956,283,-75.8571
1217,3942,283,-75.7714
1218,3942,282,-75.6857
1219,3964,281,-75.6
1220,3952,282,-75.5143
1221,3950,281,-75.4286
1222,3957,283,-75.3429
1223,3949,280,-75.2571
1224,3964,279,-75.1714
1225,3955,283,-75.0857
1226,3968,281,-75
1227,3945,283,-74.9143
1228,3965,280,-74.8286
1229,3959,282,-74.7429
1230,3962,280,-74.6571
1231,3958,282,-74.5714
1232,3953,283,-74.4857
1233,3960,281,-74.4
1234,3973,280,-74.3143
1235,3958,282,-74.2286
1236,3978,278,-74.1429
1237,3961,280,-74.0571
1238,3966,280,-73.9714
1239,3974,278,-73.8857
1240,3989,279,-73.8
1241,3972,278,-73.7143
1242,3983,278,-73.6286
1243,3982,278,-73.5429
1244,3983,278,-73.4571
1245,3976,279,-73.3714
1246,3995,277,-73.2857
1247,3976,275,-73.2
1248,3995,274,-73.1143
1249,3993,273,-73.0286
1250,1048575,6,-72.9429
1251,2932,404,-72.8571
1252,2805,422,-72.7714
1253,2762,423,-72.6857
1254,2726,417,-72.6
1255,2701,413,-72.5143
1256,2702,406,-72.4286
1257,2700,402,-72.3429
1258,2722,405,-72.2571
1259,2716,406,-72.1714
1260,2750,412,-72.0857
1261,2807,410,-72
1262,2819,410,-71.9143
1263,2593,129,-71.8286
1264,2581,118,-71.7429
1265,2582,125,-71.6571
1266,2844,410,-71.5714
1267,2813,415,-71.4857
1268,2738,426,-71.4
1269,2726,428,-71.3143
1270,2700,425,-71.2286
1271,2681,422,-71.1429
1272,2666,411,-71.0571
1273,2656,397,-70.9714
1274,2648,371,-70.8857
1275,2637,340,-70.8
1276,2602,303,-70.7143
1277,2598,297,-70.6286
1278,2575,295,-70.5429
1279,2610,331,-70.4571
1280,2597,322,-70.3714
1281,2566,320,-70.2857
1282,2553,281,-70.2
1283,2541,276,-70.1143
1284,2549,272,-70.0286
1285,2639,278,-69.9429
1286,2642,280,-69.8571
1287,2639,275,-69.7714
1288,2651,270,-69.6857
1289,2661,264,-69.6
1290,2649,262,-69.5143
1291,2667,265,-69.4286
1292,2690,273,-69.3429
1293,2685,275,-69.2571
1294,2700,274,-69.1714
1295,2681,274,-69.0857
1296,2682,276,-69
1297,2692,276,-68.9143
1298,2688,276,-68.8286
1299,2698,272,-68.7429
1300,2691,271,-68.6571
1301,2688,267,-68.5714
1302,2714,265,-68.4857
1303,2692,266,-68.4
1304,2694,263,-68.3143
1305,2692,266,-68.2286
1306,2699,267,-68.1429
1307,2678,274,-68.0571
1308,2666,270,-67.9714
1309,2664,269,-67.8857
1310,2658,267,-67.8
1311,2644,268,-67.7143
1312,2629,268,-67.6286
1313,2606,271,-67.5429
1314,2609,269,-67.4571
1315,2601,270,-67.3714
1316,2577,273,-67.2857
1317,2561,270,-67.2
1318,2554,269,-67.1143
1319,2554,268,-67.0286
1320,2538,271,-66.9429
1321,2530,268,-66.8571
1322,2519,270,-66.7714
1323,2487,272,-66.6857
1324,2485,271,-66.6
1325,2478,271,-66.5143
1326,2470,271,-66.4286
1327,2460,272,-66.3429
1328,2448,273,-66.2571
1329,2438,273,-66.1714
1330,2433,271,-66.0857
1331,2417,274,-66
1332,2402,272,-65.9143
1333,2405,271,-65.8286
1334,2369,275,-65.7429
1335,2365,275,-65.6571
1336,2362,272,-65.5714
1337,2350,275,-65.4857
1338,2332,274,-65.4
1339,2332,262,-65.3143
1340,2332,194,-65.2286
1341,2261,122,-65.1429
1342,2153,183,-65.0571
1343,2149,191,-64.9714
1344,2178,144,-64.8857
1345,2200,141,-64.8
1346,2183,145,-64.7143
1347,2184,145,-64.6286
1348,2179,151,-64.5429
1349,2226,216,-64.4571
1350,2218,271,-64.3714
1351,2239,276,-64.2857
1352,2226,278,-64.2
1353,2212,278,-64.1143
1354,2187,281,-64.0286
1355,2190,280,-63.9429
1356,2185,282,-63.8571
1357,2187,280,-63.7714
1358,2171,280,-63.6857
1359,2172,279,-63.6
1360,2158,280,-63.5143
1361,2141,284,-63.4286
1362,2143,282,-63.3429
1363,2137,281,-63.2571
1364,2120,282,-63.1714
1365,2106,283,-63.0857
1366,2101,284,-63
1367,2096,284,-62.9143
1368,2081,284,-62.8286
1369,2089,284,-62.7429
1370,2088,282,-62.6571
1371,2078,282,-62.5714
1372,2062,287,-62.4857
1373,2065,283,-62.4
1374,2058,282,-62.3143
1375,2041,286,-62.2286
1376,2035,283,-62.1429
1377,2029,284,-62.0571
1378,2012,286,-61.9714
1379,2007,276,-61.8857
1380,2003,272,-61.8
1381,1996,281,-61.7143
1382,1985,271,-61.6286
1383,1997,266,-61.5429
1384,1973,273,-61.4571
1385,1965,292,-61.3714
1386,1961,303,-61.2857
1387,1968,319,-61.2
1388,1951,322,-61.1143
1389,1967,322,-61.0286
1390,1969,322,-60.9429
1391,1966,322,-60.8571
1392,1963,324,-60.7714
1393,1960,323,-60.6857
1394,1970,322,-60.6
1395,1965,323,-60.5143
1396,1957,325,-60.4286
1397,1975,323,-60.3429
1398,1982,324,-60.2571
1399,1970,322,-60.1714
1400,1986,323,-60.0857
1401,1981,324,-60
1402,1978,323,-59.9143
1403,1989,323,-59.8286
1404,1984,324,-59.7429
1405,1987,322,-59.6571
1406,1985,324,-59.5714
1407,1992,322,-59.4857
1408,1999,321,-59.4
1409,2000,323,-59.3143
1410,1998,322,-59.2286
1411,1993,322,-59.1429
1412,2001,321,-59.0571
1413,2001,322,-58.9714
1414,1998,321,-58.8857
1415,1988,323,-58.8
1416,2002,321,-58.7143
1417,1996,321,-58.6286
1418,2011,322,-58.5429
1419,2011,319,-58.4571
1420,2012,322,-58.3714
1421,2015,321,-58.2857
1422,2005,321,-58.2
1423,2019,319,-58.1143
1424,1999,321,-58.0286
1425,2028,318,-57.9429
1426,2020,321,-57.8571
1427,2016,320,-57.7714
1428,2016,320,-57.6857
1429,2030,319,-57.6
1430,2013,319,-57.5143
1431,2044,318,-57.4286
1432,2022,319,-57.3429
1433,2038,319,-57.2571
1434,2036,318,-57.1714
1435,2044,317,-57.0857
1436,2046,318,-57
1437,2042,318,-56.9143
1438,2036,317,-56.8286
1439,2050,317,-56.7429
1440,2042,317,-56.6571
1441,2033,317,-56.5714
1442,2051,318,-56.4857
1443,2050,319,-56.4
1444,2049,315,-56.3143
1445,2054,318,-56.2286
1446,2055,317,-56.1429
1447,2055,320,-56.0571
1448,2058,319,-55.9714
1449,2066,319,-55.8857
1450,2063,317,-55.8
1451,2065,318,-55.7143
1452,2085,315,-55.6286
1453,2073,316,-55.5429
1454,2064,316,-55.4571
1455,2055,319,-55.3714
1456,2074,318,-55.2857
1457,2080,318,-55.2
1458,2075,318,-55.1143
1459,2086,317,-55.0286
1460,2085,316,-54.9429
1461,2069,316,-54.8571
1462,2093,317,-54.7714
1463,2075,318,-54.6857
1464,2092,315,-54.6
1465,2084,318,-54.5143
1466,2101,317,-54.4286
1467,2098,317,-54.3429
1468,2106,316,-54.2571
1469,2096,317,-54.1714
1470,2101,314,-54.0857
1471,2096,317,-54
1472,2091,317,-53.9143
1473,2115,315,-53.8286
1474,2105,317,-53.7429
1475,2110,316,-53.6571
1476,2106,316,-53.5714
1477,2122,315,-53.4857
1478,2115,317,-53.4
1479,2119,312,-53.3143
1480,2121,316,-53.2286
1481,2117,316,-53.1429
1482,2125,315,-53.0571
1483,2122,314,-52.9714
1484,2135,315,-52.8857
1485,2130,315,-52.8
1486,2132,315,-52.7143
1487,2134,315,-52.6286
1488,2137,315,-52.5429
1489,2123,316,-52.4571
1490,2134,315,-52.3714
1491,2149,307,-52.2857
1492,2134,302,-52.2
1493,2155,289,-52.1143
1494,2159,285,-52.0286
1495,2155,285,-51.9429
1496,2138,286,-51.8571
1497,2159,285,-51.7714
1498,2196,284,-51.6857
1499,2179,284,-51.6
1500,2189,286,-51.5143
1501,2180,284,-51.4286
1502,2188,283,-51.3428
1503,2191,283,-51.2571
1504,2187,285,-51.1714
1505,2195,283,-51.0857
1506,2192,285,-51
1507,2196,282,-50.9143
1508,2213,281,-50.8286
1509,2196,282,-50.7429
1510,2205,283,-50.6571
1511,2216,283,-50.5714
1512,2211,283,-50.4857
1513,2204,285,-50.4
1514,2212,287,-50.3143
1515,2222,284,-50.2286
1516,2227,285,-50.1429
1517,2217,291,-50.0571
1518,2219,291,-49.9714
1519,2229,296,-49.8857
1520,2229,285,-49.8
1521,2224,236,-49.7143
1522,2229,207,-49.6286
1523,2245,280,-49.5428
1524,2250,290,-49.4571
1525,2254,291,-49.3714
1526,2250,292,-49.2857
1527,2251,293,-49.2
1528,2257,282,-49.1143
1529,2249,236,-49.0286
1530,2248,221,-48.9429
1531,2263,218,-48.8571
1532,2268,217,-48.7714
1533,2260,205,-48.6857
1534,2265,197,-48.6
1535,2249,182,-48.5143
1536,2275,167,-48.4286
1537,2263,170,-48.3428
1538,2284,166,-48.2571
1539,2262,165,-48.1714
1540,2293,162,-48.0857
1541,2291,160,-48
1542,2294,158,-47.9143
1543,2275,158,-47.8286
1544,2286,158,-47.7429
1545,2303,156,-47.6571
1546,2282,160,-47.5714
1547,2283,159,-47.4857
1548,2300,156,-47.4
1549,2318,161,-47.3143
1550,2315,151,-47.2286
1551,2303,160,-47.1429
1552,2326,152,-47.0571
1553,2318,160,-46.9714
1554,2318,169,-46.8857
1555,2334,169,-46.8
1556,2333,171,-46.7143
1557,2318,170,-46.6286
1558,2332,173,-46.5428
1559,2321,172,-46.4571
1560,2331,172,-46.3714
1561,2313,172,-46.2857
1562,2336,179,-46.2
1563,2325,181,-46.1143
1564,2314,178,-46.0286
1565,2319,173,-45.9429
1566,2323,176,-45.8571
1567,2326,173,-45.7714
1568,2332,175,-45.6857
1569,2362,174,-45.6
1570,2334,172,-45.5143
1571,2349,169,-45.4286
1572,2335,169,-45.3428
1573,2353,173,-45.2571
1574,2349,173,-45.1714
1575,2341,176,-45.0857
1576,2359,170,-45
1577,2352,176,-44.9143
1578,2360,174,-44.8286
1579,2369,171,-44.7429
1580,2378,175,-44.6571
1581,2361,173,-44.5714
1582,2367,173,-44.4857
1583,2378,170,-44.4
1584,2367,172,-44.3143
1585,2389,167,-44.2286
1586,2382,168,-44.1429
1587,2379,167,-44.0571
1588,2394,167,-43.9714
1589,2406,169,-43.8857
1590,2385,170,-43.8
1591,2403,165,-43.7143
1592,2404,168,-43.6286
1593,2390,168,-43.5428
1594,2413,166,-43.4571
1595,2403,166,-43.3714
1596,2401,168,-43.2857
1597,2414,163,-43.2
1598,2416,166,-43.1143
1599,2420,163,-43.0286
1600,2443,159,-42.9429
1601,2422,164,-42.8571
1602,2428,163,-42.7714
1603,2459,159,-42.6857
1604,2444,160,-42.6
1605,2442,159,-42.5143
1606,2457,160,-42.4286
1607,2446,160,-42.3428
1608,2443,162,-42.2571
1609,2446,161,-42.1714
1610,2454,162,-42.0857
1611,2451,162,-42
1612,2468,156,-41.9143
1613,2456,162,-41.8286
1614,2460,157,-41.7429
1615,2462,160,-41.6571
1616,2493,158,-41.5714
1617,2479,157,-41.4857
1618,2489,156,-41.4
1619,2479,159,-41.3143
1620,2484,157,-41.2286
1621,2485,160,-41.1429
1622,2491,156,-41.0571
1623,2495,157,-40.9714
1624,2509,156,-40.8857
1625,2531,151,-40.8
1626,2511,156,-40.7143
1627,2507,158,-40.6286
1628,2500,153,-40.5428
1629,2521,151,-40.4571
1630,2510,154,-40.3714
1631,2535,156,-40.2857
1632,2534,152,-40.2
1633,2515,157,-40.1143
1634,2542,149,-40.0286
1635,2538,137,-39.9429
1636,2561,125,-39.8571
1637,2561,119,-39.7714
1638,2572,125,-39.6857
1639,2567,127,-39.6
1640,2554,110,-39.5143
1641,3595,58,-39.4286
1642,3586,69,-39.3428
1643,3549,67,-39.2571
1644,3576,77,-39.1714
1645,3569,84,-39.0857
1646,3545,79,-39
1647,3544,78,-38.9143
1648,3538,91,-38.8286
1649,3572,91,-38.7429
1650,3545,97,-38.6571
1651,3544,110,-38.5714
1652,3581,106,-38.4857
1653,3598,106,-38.4
1654,3588,99,-38.3143
1655,3606,105,-38.2286
1656,3586,99,-38.1429
1657,3612,94,-38.0571
1658,3567,92,-37.9714
1659,3562,94,-37.8857
1660,3540,88,-37.8
1661,3551,94,-37.7143
1662,3504,107,-37.6286
1663,3526,102,-37.5428
1664,3542,102,-37.4571
1665,3545,106,-37.3714
1666,3517,110,-37.2857
1667,3531,116,-37.2
1668,3540,115,-37.1143
1669,3544,117,-37.0286
1670,3528,127,-36.9429
1671,3540,127,-36.8571
1672,3535,131,-36.7714
1673,3542,132,-36.6857
1674,3546,122,-36.6
1675,3520,126,-36.5143
1676,3507,124,-36.4286
1677,3507,128,-36.3428
1678,3507,129,-36.2571
1679,3496,124,-36.1714
1680,3485,128,-36.0857
1681,3494,124,-36
1682,3491,130,-35.9143
1683,3494,128,-35.8286
1684,3485,126,-35.7429
1685,3478,130,-35.6571
1686,3472,128,-35.5714
1687,3480,130,-35.4857
1688,3455,133,-35.4
1689,3464,130,-35.3143
1690,3436,131,-35.2286
1691,3469,127,-35.1429
1692,3456,131,-35.0571
1693,3446,128,-34.9714
1694,3433,132,-34.8857
1695,3436,132,-34.8
1696,3449,132,-34.7143
1697,3415,130,-34.6286
1698,3421,134,-34.5428
1699,3396,134,-34.4571
1700,3402,134,-34.3714
1701,3427,130,-34.2857
1702,3419,134,-34.2
1703,3403,132,-34.1143
1704,3410,133,-34.0286
1705,3390,134,-33.9429
1706,3402,135,-33.8571
1707,3382,134,-33.7714
1708,3370,135,-33.6857
1709,3368,132,-33.6
1710,3386,123,-33.5143
1711,3373,98,-33.4286
1712,3392,40,-33.3428
1713,1048575,0,-33.2571
1714,1048575,0,-33.1714
1715,1048575,0,-33.0857
1716,1048575,0,-33
1717,1048575,0,-32.9143
1718,3319,84,-32.8286
1719,3318,127,-32.7429
1720,3346,137,-32.6571
1721,3330,133,-32.5714
1722,3318,137,-32.4857
1723,3324,137,-32.4
1724,3329,134,-32.3143
1725,3301,138,-32.2286
1726,3313,138,-32.1429
1727,3300,138,-32.0571
1728,3306,138,-31.9714
1729,3303,138,-31.8857
1730,3291,139,-31.8
1731,3284,136,-31.7143
1732,3287,140,-31.6286
1733,3289,142,-31.5428
1734,3274,142,-31.4571
1735,3295,139,-31.3714
1736,3288,139,-31.2857
1737,3261,139,-31.2
1738,3274,138,-31.1143
1739,3240,138,-31.0286
1740,3267,137,-30.9429
1741,3267,133,-30.8571
1742,3266,128,-30.7714
1743,3256,115,-30.6857
1744,3270,116,-30.6
1745,3293,116,-30.5143
1746,3313,114,-30.4286
1747,3296,115,-30.3428
1748,3287,116,-30.2571
1749,3331,115,-30.1714
1750,3324,103,-30.0857
1751,3332,110,-30
1752,3340,110,-29.9143
1753,3351,107,-29.8286
1754,3348,108,-29.7429
1755,3336,102,-29.6571
1756,3375,106,-29.5714
1757,3370,105,-29.4857
1758,3377,104,-29.4
1759,3409,103,-29.3143
1760,3391,103,-29.2286
1761,3418,109,-29.1429
1762,3381,102,-29.0571
1763,3427,102,-28.9714
1764,3428,103,-28.8857
1765,3430,103,-28.8
1766,3450,99,-28.7143
1767,3466,104,-28.6286
1768,3456,102,-28.5428
1769,3461,109,-28.4571
1770,3468,100,-28.3714
1771,3475,98,-28.2857
1772,3487,104,-28.2
1773,3498,105,-28.1143
1774,3492,100,-28.0286
1775,3513,99,-27.9429
1776,3523,97,-27.8571
1777,3537,97,-27.7714
1778,3535,97,-27.6857
1779,3526,100,-27.6
1780,3555,94,-27.5143
1781,3558,96,-27.4286
1782,3578,89,-27.3428
1783,3573,92,-27.2571
1784,3569,94,-27.1714
1785,3576,88,-27.0857
1786,3584,87,-27
1787,3617,86,-26.9143
1788,3622,84,-26.8286
1789,3623,86,-26.7429
1790,3615,83,-26.6571
1791,3666,83,-26.5714
1792,3653,83,-26.4857
1793,3645,78,-26.4
1794,3678,86,-26.3143
1795,1048575,6,-26.2286
1796,3687,73,-26.1429
1797,3690,83,-26.0571
1798,3703,79,-25.9714
1799,3708,78,-25.8857
1800,3773,74,-25.8
1801,3713,89,-25.7143
1802,3763,84,-25.6286
1803,3743,85,-25.5428
1804,3770,85,-25.4571
1805,3777,86,-25.3714
1806,3755,88,-25.2857
1807,3792,80,-25.2
1808,3810,81,-25.1143
1809,3784,89,-25.0286
1810,3830,83,-24.9429
1811,3851,71,-24.8571
1812,3862,45,-24.7714
1813,3875,48,-24.6857
1814,3871,40,-24.6
1815,1048575,0,-24.5143
1816,1048575,0,-24.4286
1817,1048575,0,-24.3428
1818,1048575,0,-24.2571
1819,1048575,0,-24.1714
1820,1048575,0,-24.0857
1821,1048575,0,-24
1822,1048575,0,-23.9143
1823,1048575,0,-23.8286
1824,1048575,0,-23.7429
1825,1048575,0,-23.6571
1826,1048575,0,-23.5714
1827,1048575,0,-23.4857
1828,1048575,0,-23.4
1829,1048575,0,-23.3143
1830,1048575,0,-23.2286
1831,1048575,0,-23.1429
1832,1048575,0,-23.0571
1833,1048575,0,-22.9714
1834,1048575,0,-22.8857
1835,1048575,0,-22.8
1836,1048575,0,-22.7143
1837,1048575,0,-22.6286
1838,1048575,0,-22.5428
1839,1048575,0,-22.4571
1840,1048575,0,-22.3714
1841,1048575,0,-22.2857
1842,1048575,0,-22.2
1843,1048575,0,-22.1143
1844,1048575,0,-22.0286
1845,1048575,0,-21.9429
1846,1048575,0,-21.8571
1847,1048575,0,-21.7714
1848,1048575,0,-21.6857
1849,1048575,0,-21.6
1850,1048575,0,-21.5143
1851,1048575,0,-21.4286
1852,1048575,0,-21.3428
1853,1048575,0,-21.2571
1854,1048575,0,-21.1714
1855,1048575,0,-21.0857
1856,1048575,0,-21
1857,1048575,0,-20.9143
1858,1048575,0,-20.8286
1859,1048575,0,-20.7429
1860,1048575,0,-20.6571
1861,1048575,0,-20.5714
1862,1048575,6,-20.4857
1863,1048575,6,-20.4
1864,1048575,6,-20.3143
1865,1048575,6,-20.2286
1866,1048575,6,-20.1429
1867,1213,105,-20.0571
1868,1182,204,-19.9714
1869,1180,270,-19.8857
1870,1189,285,-19.8
1871,1190,258,-19.7143
1872,1200,187,-19.6286
1873,1263,153,-19.5428
1874,1261,183,-19.4571
1875,1279,262,-19.3714
1876,1274,296,-19.2857
1877,1266,303,-19.2
1878,1282,303,-19.1143
1879,1269,305,-19.0286
1880,1268,305,-18.9429
1881,1256,306,-18.8571
1882,1268,305,-18.7714
1883,1261,305,-18.6857
1884,1260,306,-18.6
1885,1250,305,-18.5143
1886,1229,305,-18.4286
1887,1226,303,-18.3428
1888,1220,302,-18.2571
1889,1253,303,-18.1714
1890,1252,304,-18.0857
1891,1264,303,-18
1892,1275,305,-17.9143
1893,1255,305,-17.8286
1894,1269,304,-17.7429
1895,1254,306,-17.6571
1896,1265,304,-17.5714
1897,1259,304,-17.4857
1898,1252,306,-17.4
1899,1258,305,-17.3143
1900,1246,306,-17.2286
1901,1253,305,-17.1429
1902,1249,306,-17.0571
1903,1268,304,-16.9714
1904,1246,301,-16.8857
1905,1243,279,-16.8
1906,1267,262,-16.7143
1907,1260,259,-16.6286
1908,1279,261,-16.5428
1909,1266,263,-16.4571
1910,1281,264,-16.3714
1911,1296,265,-16.2857
1912,1304,267,-16.2
1913,1298,273,-16.1143
1914,1314,273,-16.0286
1915,1308,273,-15.9429
1916,1306,271,-15.8571
1917,1319,268,-15.7714
1918,1313,266,-15.6857
1919,1328,268,-15.6
1920,1324,274,-15.5143
1921,1333,280,-15.4286
1922,1324,299,-15.3428
1923,1329,308,-15.2571
1924,1316,309,-15.1714
1925,1326,310,-15.0857
1926,1310,309,-15
1927,1303,311,-14.9143
1928,1317,306,-14.8286
1929,1318,305,-14.7429
1930,1302,306,-14.6571
1931,1328,304,-14.5714
1932,1306,306,-14.4857
1933,1320,303,-14.4
1934,1325,304,-14.3143
1935,1309,306,-14.2286
1936,1312,306,-14.1429
1937,1307,305,-14.0571
1938,1320,304,-13.9714
1939,1311,306,-13.8857
1940,1292,308,-13.8
1941,1319,305,-13.7143
1942,1304,307,-13.6286
1943,1317,300,-13.5428
1944,1333,286,-13.4571
1945,1294,296,-13.3714
1946,1326,281,-13.2857
1947,1346,268,-13.2
1948,1342,275,-13.1143
1949,1359,286,-13.0286
1950,1362,304,-12.9429
1951,1363,310,-12.8571
1952,1368,314,-12.7714
1953,1381,296,-12.6857
1954,1378,251,-12.6
1955,1384,238,-12.5143
1956,1367,263,-12.4286
1957,1365,271,-12.3428
1958,1373,268,-12.2571
1959,1360,274,-12.1714
1960,1390,290,-12.0857
1961,1392,298,-12
1962,1378,293,-11.9143
1963,1395,273,-11.8286
1964,1389,249,-11.7429
1965,1402,214,-11.6571
1966,1407,177,-11.5714
1967,1393,150,-11.4857
1968,1402,139,-11.4
1969,1397,141,-11.3143
1970,1381,145,-11.2286
1971,1389,148,-11.1429
1972,1409,142,-11.0571
1973,1378,146,-10.9714
1974,1379,144,-10.8857
1975,1388,138,-10.8
1976,1376,136,-10.7143
1977,1384,133,-10.6286
1978,1393,117,-10.5428
1979,1371,109,-10.4571
1980,1382,107,-10.3714
1981,1048575,6,-10.2857
1982,1048575,6,-10.2
1983,1048575,6,-10.1143
1984,1048575,6,-10.0286
1985,1048575,6,-9.94286
1986,1048575,6,-9.85713
1987,1048575,6,-9.77142
1988,1048575,6,-9.68571
1989,1048575,6,-9.59999
1990,1048575,6,-9.51428
1991,1048575,6,-9.42857
1992,1048575,6,-9.34285
1993,1048575,6,-9.25714
1994,1048575,6,-9.17142
1995,1048575,6,-9.08571
1996,1048575,6,-9
1997,1048575,6,-8.91428
1998,1048575,6,-8.82857
1999,1048575,6,-8.74286
2000,1048575,6,-8.65714
2001,1048575,6,-8.57143
2002,1048575,6,-8.4857
2003,1048575,6,-8.39999
2004,1048575,6,-8.31429
2005,1048575,6,-8.22856
2006,1048575,6,-8.14285
2007,1048575,6,-8.05714
2008,1048575,6,-7.97142
2009,1048575,6,-7.88571
2010,1048575,6,-7.79999
2011,1048575,6,-7.71428
2012,1048575,6,-7.62857
2013,1048575,6,-7.54285
2014,1048575,6,-7.45714
2015,1048575,6,-7.37143
2016,1048575,6,-7.28571
2017,1364,109,-7.2
2018,1365,106,-7.11429
2019,1360,108,-7.02856
2020,1347,112,-6.94286
2021,1380,109,-6.85713
2022,1048575,6,-6.77142
2023,1048575,6,-6.68571
2024,1048575,6,-6.59999
2025,1048575,6,-6.51428
2026,1048575,6,-6.42857
2027,1048575,6,-6.34285
2028,1048575,6,-6.25714
2029,1048575,6,-6.17142
2030,1048575,6,-6.08571
2031,1361,107,-6
2032,1363,126,-5.91428
2033,1372,131,-5.82857
2034,1345,149,-5.74286
2035,1355,149,-5.65714
2036,1348,149,-5.57143
2037,1352,152,-5.4857
2038,1350,151,-5.39999
2039,1352,147,-5.31429
2040,1363,142,-5.22856
2041,1339,139,-5.14285
2042,1351,130,-5.05714
2043,1364,130,-4.97142
2044,1352,130,-4.88571
2045,1350,130,-4.79999
2046,1373,130,-4.71428
2047,1353,136,-4.62857
2048,1369,138,-4.54285
2049,1341,147,-4.45714
2050,1369,149,-4.37143
2051,1358,151,-4.28571
2052,1347,152,-4.2
2053,1365,150,-4.11429
2054,1358,148,-4.02856
2055,1366,143,-3.94286
2056,1348,146,-3.85713
2057,1358,148,-3.77142
2058,1345,150,-3.68571
2059,1340,154,-3.59999
2060,1345,158,-3.51428
2061,1335,160,-3.42857
2062,1341,162,-3.34285
2063,1361,167,-3.25714
2064,1348,162,-3.17142
2065,1337,161,-3.08571
2066,1341,165,-3
2067,1355,162,-2.91428
2068,1352,157,-2.82857
2069,1349,157,-2.74286
2070,1346,161,-2.65714
2071,1341,158,-2.57143
2072,1349,156,-2.4857
2073,1350,161,-2.39999
2074,1329,160,-2.31429
2075,1334,164,-2.22856
2076,1354,165,-2.14285
2077,1338,170,-2.05714
2078,1344,171,-1.97142
2079,1335,173,-1.88571
2080,1329,174,-1.79999
2081,1338,178,-1.71428
2082,1338,180,-1.62857
2083,1321,185,-1.54285
2084,1330,184,-1.45714
2085,1352,186,-1.37143
2086,1320,196,-1.28571
2087,1341,199,-1.2
2088,1337,206,-1.11429
2089,1324,210,-1.02856
2090,1321,212,-0.942856
2091,1325,210,-0.857132
2092,1339,214,-0.771423
2093,1337,208,-0.685715
2094,1329,211,-0.599991
2095,1342,215,-0.514282
2096,1329,219,-0.428574
2097,1327,217,-0.34285
2098,1324,219,-0.257141
2099,1345,216,-0.171417
2100,1338,220,-0.0857086
2101,1338,218,0
2102,1328,220,0.0857239
2103,1323,219,0.171432
2104,1348,219,0.257141
2105,1325,222,0.342865
2106,1331,223,0.428574
2107,1330,223,0.514297
2108,1325,223,0.600006
2109,1320,219,0.685715
2110,1328,218,0.771439
2111,1337,221,0.857147
2112,1336,222,0.942856
2113,1329,219,1.02858
2114,1337,216,1.11429
2115,1335,219,1.20001
2116,1327,213,1.28572
2117,1334,217,1.37143
2118,1403,267,1.45715
2119,1332,242,1.54286
2120,1342,242,1.62857
2121,1326,251,1.71429
2122,1337,255,1.8
2123,1337,261,1.88571
2124,1309,263,1.97144
2125,1345,259,2.05714
2126,1322,263,2.14287
2127,1330,266,2.22858
2128,1346,259,2.31429
2129,1328,259,2.40001
2130,1325,254,2.48572
2131,1328,254,2.57143
2132,1331,255,2.65715
2133,1327,251,2.74286
2134,1349,244,2.82858
2135,1322,246,2.91429
2136,1341,242,3
2137,1329,237,3.08572
2138,1332,236,3.17143
2139,1324,243,3.25714
2140,1313,248,3.34286
2141,1323,250,3.42857
2142,1332,251,3.5143
2143,1317,270,3.60001
2144,1327,278,3.68571
2145,1320,279,3.77144
2146,1324,279,3.85715
2147,1329,289,3.94286
2148,1310,291,4.02858
2149,1318,291,4.11429
2150,1310,296,4.20001
2151,1334,295,4.28572
2152,1332,297,4.37143
2153,1333,305,4.45715
2154,1350,303,4.54286
2155,1347,310,4.62857
2156,1328,313,4.71429
2157,1340,317,4.8
2158,1324,313,4.88573
2159,1342,321,4.97144
2160,1344,330,5.05714
2161,1342,315,5.14287
2162,1328,309,5.22858
2163,1330,302,5.31429
2164,1343,288,5.40001
2165,1329,279,5.48572
2166,1328,273,5.57143
2167,1320,270,5.65715
2168,1325,264,5.74286
2169,1315,258,5.82858
2170,1326,253,5.91429
2171,1331,256,6
2172,1323,256,6.08572
2173,1341,248,6.17143
2174,1319,247,6.25714
2175,1327,247,6.34286
2176,1336,254,6.42857
2177,1325,245,6.5143
2178,1327,237,6.60001
2179,1341,234,6.68571
2180,1321,231,6.77144
2181,1327,232,6.85715
2182,1331,236,6.94286
2183,1338,242,7.02858
2184,1327,240,7.11429
2185,1331,239,7.20001
2186,1333,228,7.28572
2187,1338,216,7.37143
2188,1323,222,7.45715
2189,1333,210,7.54286
2190,1330,200,7.62857
2191,1315,197,7.71429
2192,1337,197,7.8
2193,1328,194,7.88573
2194,1336,191,7.97144
2195,1340,188,8.05714
2196,1326,189,8.14287
2197,1319,185,8.22858
2198,1343,173,8.31429
2199,1332,172,8.40001
2200,1343,165,8.48572
2201,1325,166,8.57143
2202,1329,167,8.65715
2203,1337,164,8.74286
2204,1329,161,8.82858
2205,1309,172,8.91429
2206,1322,168,9
2207,1331,156,9.08572
2208,1325,159,9.17143
2209,1349,167,9.25714
2210,1326,178,9.34286
2211,1346,161,9.42857
2212,1341,162,9.5143
2213,1353,152,9.60001
2214,1331,159,9.68571
2215,1326,170,9.77144
2216,1334,163,9.85715
2217,1342,163,9.94286
2218,1345,163,10.0286
2219,1333,166,10.1143
2220,1332,177,10.2
2221,1352,176,10.2857
2222,1354,167,10.3714
2223,1365,163,10.4572
2224,1391,174,10.5429
2225,1447,207,10.6286
2226,1489,202,10.7143
2227,1496,216,10.8
2228,1516,218,10.8857
2229,1486,207,10.9714
2230,1469,201,11.0571
2231,1421,166,11.1429
2232,1410,148,11.2286
2233,1357,125,11.3143
2234,1362,125,11.4
2235,1345,125,11.4857
2236,1338,134,11.5714
2237,1346,133,11.6572
2238,1350,130,11.7429
2239,1328,122,11.8286
2240,1357,130,11.9143
2241,1324,137,12
2242,1340,142,12.0857
2243,1344,149,12.1714
2244,1330,155,12.2571
2245,1337,160,12.3429
2246,1325,161,12.4286
2247,1337,152,12.5143
2248,1359,145,12.6
2249,1352,143,12.6857
2250,1349,146,12.7714
2251,1332,140,12.8571
2252,1339,143,12.9429
2253,1336,138,13.0286
2254,1359,137,13.1143
2255,1335,143,13.2
2256,1350,145,13.2857
2257,1347,149,13.3714
2258,1339,149,13.4572
2259,1340,150,13.5429
2260,1350,147,13.6286
2261,1348,149,13.7143
2262,1339,154,13.8
2263,1359,141,13.8857
2264,1331,139,13.9714
2265,1356,120,14.0571
2266,1350,116,14.1429
2267,1328,119,14.2286
2268,1359,117,14.3143
2269,1336,119,14.4
2270,1358,127,14.4857
2271,1339,133,14.5714
2272,1368,134,14.6572
2273,1353,137,14.7429
2274,1357,143,14.8286
2275,1349,149,14.9143
2276,1333,148,15
2277,1374,145,15.0857
2278,1353,147,15.1714
2279,1357,139,15.2571
2280,1327,137,15.3429
2281,1329,132,15.4286
2282,1326,131,15.5143
2283,1337,111,15.6
2284,1048575,6,15.6857
2285,1048575,6,15.7714
2286,1087,124,15.8571
2287,1007,140,15.9429
2288,939,145,16.0286
2289,883,198,16.1143
2290,868,232,16.2
2291,875,235,16.2857
2292,855,224,16.3714
2293,844,205,16.4572
2294,853,197,16.5429
2295,830,201,16.6286
2296,843,201,16.7143
2297,827,203,16.8
2298,840,201,16.8857
2299,828,202,16.9714
2300,822,203,17.0571
2301,815,203,17.1429
2302,814,199,17.2286
2303,788,204,17.3143
2304,797,206,17.4
2305,777,207,17.4857
2306,779,207,17.5714
2307,768,210,17.6572
2308,783,209,17.7429
2309,782,206,17.8286
2310,755,209,17.9143
2311,754,209,18
2312,751,210,18.0857
2313,715,211,18.1714
2314,747,209,18.2571
2315,740,208,18.3429
2316,733,208,18.4286
2317,727,213,18.5143
2318,719,213,18.6
2319,711,211,18.6857
2320,710,215,18.7714
2321,702,214,18.8571
2322,714,214,18.9429
2323,695,217,19.0286
2324,675,218,19.1143
2325,678,218,19.2
2326,698,214,19.2857
2327,700,215,19.3714
2328,685,220,19.4572
2329,668,222,19.5429
2330,654,221,19.6286
2331,672,216,19.7143
2332,670,220,19.8
2333,656,220,19.8857
2334,671,218,19.9714
2335,634,222,20.0571
2336,654,220,20.1429
2337,643,221,20.2286
2338,656,219,20.3143
2339,653,223,20.4
2340,622,226,20.4857
2341,633,222,20.5714
2342,644,221,20.6572
2343,644,224,20.7429
2344,627,226,20.8286
2345,622,226,20.9143
2346,624,226,21
2347,596,227,21.0857
2348,606,227,21.1714
2349,618,224,21.2571
2350,599,227,21.3429
2351,596,229,21.4286
2352,588,227,21.5143
2353,608,226,21.6
2354,587,230,21.6857
2355,615,226,21.7714
2356,584,230,21.8571
2357,581,231,21.9429
2358,584,231,22.0286
2359,575,233,22.1143
2360,572,232,22.2
2361,587,230,22.2857
2362,575,232,22.3714
2363,589,231,22.4572
2364,561,232,22.5429
2365,554,231,22.6286
2366,554,231,22.7143
2367,549,233,22.8
2368,552,231,22.8857
2369,549,231,22.9714
2370,555,231,23.0571
2371,561,233,23.1429
2372,569,230,23.2286
2373,552,232,23.3143
2374,557,229,23.4
2375,537,233,23.4857
2376,520,234,23.5714
2377,534,233,23.6572
2378,521,235,23.7429
2379,536,231,23.8286
2380,526,233,23.9143
2381,534,230,24
2382,540,231,24.0857
2383,522,231,24.1714
2384,533,233,24.2571
2385,526,233,24.3429
2386,522,232,24.4286
2387,518,231,24.5143
2388,527,231,24.6
2389,508,231,24.6857
2390,516,231,24.7714
2391,519,228,24.8571
2392,511,230,24.9429
2393,506,233,25.0286
2394,523,229,25.1143
2395,504,232,25.2
2396,507,228,25.2857
2397,498,234,25.3714
2398,501,228,25.4572
2399,505,229,25.5429
2400,481,233,25.6286
2401,498,232,25.7143
2402,499,229,25.8
2403,507,228,25.8857
2404,482,230,25.9714
2405,491,228,26.0571
2406,474,230,26.1429
2407,497,230,26.2286
2408,482,227,26.3143
2409,482,230,26.4
2410,469,231,26.4857
2411,480,228,26.5714
2412,473,227,26.6572
2413,500,225,26.7429
2414,484,227,26.8286
2415,484,225,26.9143
2416,493,224,27
2417,472,227,27.0857
2418,470,225,27.1714
2419,486,223,27.2571
2420,493,223,27.3429
2421,475,222,27.4286
2422,465,224,27.5143
2423,479,222,27.6
2424,483,219,27.6857
2425,455,224,27.7714
2426,466,223,27.8571
2427,485,216,27.9429
2428,468,218,28.0286
2429,488,216,28.1143
2430,463,219,28.2
2431,482,217,28.2857
2432,455,222,28.3714
2433,484,213,28.4572
2434,467,219,28.5429
2435,474,217,28.6286
2436,481,212,28.7143
2437,470,211,28.8
2438,479,213,28.8857
2439,475,209,28.9714
2440,470,210,29.0571
2441,468,209,29.1429
2442,463,211,29.2286
2443,473,222,29.3143
2444,493,231,29.4
2445,507,236,29.4857
2446,506,238,29.5714
2447,505,239,29.6572
2448,505,235,29.7429
2449,493,238,29.8286
2450,478,239,29.9143
2451,503,230,30
2452,500,230,30.0857
2453,500,226,30.1714
2454,484,225,30.2571
2455,489,228,30.3429
2456,485,231,30.4286
2457,489,229,30.5143
2458,499,228,30.6
2459,490,232,30.6857
2460,460,237,30.7714
2461,491,229,30.8571
2462,481,233,30.9429
2463,503,229,31.0286
2464,505,228,31.1143
2465,487,231,31.2
2466,474,234,31.2857
2467,486,231,31.3714
2468,504,229,31.4572
2469,484,231,31.5429
2470,481,232,31.6286
2471,485,230,31.7143
2472,490,231,31.8
2473,490,231,31.8857
2474,501,230,31.9714
2475,477,235,32.0571
2476,471,236,32.1429
2477,512,236,32.2286
2478,493,249,32.3143
2479,513,251,32.4
2480,509,255,32.4857
2481,495,251,32.5714
2482,501,245,32.6572
2483,509,235,32.7429
2484,478,238,32.8286
2485,493,236,32.9143
2486,499,236,33
2487,522,233,33.0857
2488,479,238,33.1714
2489,507,238,33.2571
2490,498,234,33.3429
2491,500,235,33.4286
2492,491,233,33.5143
2493,504,232,33.6
2494,506,233,33.6857
2495,503,235,33.7714
2496,507,233,33.8571
2497,489,236,33.9429
2498,489,236,34.0286
2499,505,232,34.1143
2500,507,234,34.2
2501,487,235,34.2857
2502,503,233,34.3714
2503,494,236,34.4572
2504,512,228,34.5429
2505,485,232,34.6286
2506,489,231,34.7143
2507,513,227,34.8
2508,511,229,34.8857
2509,488,231,34.9714
2510,480,232,35.0571
2511,499,233,35.1429
2512,495,232,35.2286
2513,518,228,35.3143
2514,511,232,35.4
2515,497,235,35.4857
2516,495,235,35.5714
2517,519,234,35.6572
2518,521,235,35.7429
2519,496,235,35.8286
2520,497,237,35.9143
2521,501,236,36
2522,518,233,36.0857
2523,510,235,36.1714
2524,511,236,36.2572
2525,515,234,36.3429
2526,500,236,36.4286
2527,524,236,36.5143
2528,501,241,36.6
2529,522,237,36.6857
2530,526,241,36.7714
2531,502,242,36.8571
2532,508,239,36.9429
2533,541,234,37.0286
2534,567,247,37.1143
2535,554,273,37.2
2536,584,291,37.2857
2537,551,307,37.3714
2538,568,316,37.4572
2539,576,321,37.5429
2540,563,323,37.6286
2541,593,312,37.7143
2542,569,302,37.8
2543,586,277,37.8857
2544,574,271,37.9714
2545,592,266,38.0571
2546,555,268,38.1429
2547,552,260,38.2286
2548,572,268,38.3143
2549,533,269,38.4
2550,523,275,38.4857
2551,462,257,38.5714
2552,411,252,38.6572
2553,410,248,38.7429
2554,408,250,38.8286
2555,402,261,38.9143
2556,395,271,39
2557,387,284,39.0857
2558,398,291,39.1714
2559,392,300,39.2572
2560,392,301,39.3429
2561,385,301,39.4286
2562,383,299,39.5143
2563,411,289,39.6
2564,385,280,39.6857
2565,402,271,39.7714
2566,400,265,39.8571
2567,410,256,39.9429
2568,409,251,40.0286
2569,399,252,40.1143
2570,406,251,40.2
2571,395,280,40.2857
2572,404,325,40.3714
2573,408,343,40.4572
2574,410,374,40.5429
2575,412,374,40.6286
2576,410,355,40.7143
2577,403,334,40.8
2578,408,330,40.8857
2579,435,301,40.9714
2580,433,297,41.0571
2581,451,307,41.1429
2582,444,317,41.2286
2583,439,320,41.3143
2584,430,321,41.4
2585,428,313,41.4857
2586,440,307,41.5714
2587,438,293,41.6572
2588,448,288,41.7429
2589,441,279,41.8286
2590,435,275,41.9143
2591,470,276,42
2592,431,281,42.0857
2593,430,286,42.1714
2594,430,285,42.2572
2595,423,282,42.3429
2596,422,284,42.4286
2597,425,277,42.5143
2598,390,281,42.6
2599,416,284,42.6857
2600,402,290,42.7714
2601,402,294,42.8571
2602,421,299,42.9429
2603,400,303,43.0286
2604,409,305,43.1143
2605,416,304,43.2
2606,436,303,43.2857
2607,411,308,43.3714
2608,419,310,43.4572
2609,416,310,43.5429
2610,421,309,43.6286
2611,432,308,43.7143
2612,416,305,43.8
2613,415,293,43.8857
2614,418,284,43.9714
2615,415,282,44.0571
2616,402,279,44.1429
2617,379,278,44.2286
2618,396,276,44.3143
2619,395,274,44.4
2620,396,274,44.4857
2621,402,273,44.5714
2622,384,269,44.6572
2623,400,268,44.7429
2624,384,270,44.8286
2625,409,271,44.9143
2626,415,273,45
2627,398,281,45.0857
2628,399,284,45.1714
2629,405,291,45.2572
2630,389,294,45.3429
2631,402,298,45.4286
2632,373,305,45.5143
2633,381,307,45.6
2634,385,311,45.6857
2635,380,313,45.7714
2636,390,317,45.8571
2637,387,317,45.9429
2638,390,320,46.0286
2639,376,324,46.1143
2640,376,324,46.2
2641,388,321,46.2857
2642,366,325,46.3714
2643,385,324,46.4572
2644,374,322,46.5429
2645,376,317,46.6286
2646,357,315,46.7143
2647,380,315,46.8
2648,370,312,46.8857
2649,386,312,46.9714
2650,384,315,47.0571
2651,360,315,47.1429
2652,378,316,47.2286
2653,376,318,47.3143
2654,386,320,47.4
2655,376,322,47.4857
2656,368,324,47.5714
2657,367,324,47.6572
2658,355,324,47.7429
2659,372,320,47.8286
2660,372,323,47.9143
2661,357,321,48
2662,356,325,48.0857
2663,372,317,48.1714
2664,360,320,48.2572
2665,359,321,48.3429
2666,360,323,48.4286
2667,356,328,48.5143
2668,368,332,48.6
2669,353,346,48.6857
2670,362,361,48.7714
2671,368,372,48.8571
2672,367,395,48.9429
2673,383,426,49.0286
2674,372,449,49.1143
2675,360,471,49.2
2676,373,483,49.2857
2677,379,496,49.3714
2678,360,501,49.4572
2679,373,502,49.5429
2680,371,515,49.6286
2681,369,508,49.7143
2682,361,493,49.8
2683,356,485,49.8857
2684,364,458,49.9714
2685,352,429,50.0571
2686,371,402,50.1429
2687,387,370,50.2286
2688,365,340,50.3143
2689,388,323,50.4
2690,385,322,50.4857
2691,389,312,50.5714
2692,380,312,50.6572
2693,395,305,50.7429
2694,366,297,50.8286
2695,385,297,50.9143
2696,400,300,51
2697,396,304,51.0857
2698,404,311,51.1714
2699,407,322,51.2572
2700,410,327,51.3429
2701,390,333,51.4286
2702,398,344,51.5143
2703,399,361,51.6
2704,410,382,51.6857
2705,400,392,51.7714
2706,410,421,51.8571
2707,400,439,51.9429
2708,396,428,52.0286
2709,393,453,52.1143
2710,397,468,52.2
2711,396,450,52.2857
2712,384,473,52.3714
2713,403,479,52.4572
2714,380,481,52.5429
2715,385,473,52.6286
2716,375,437,52.7143
2717,377,429,52.8
2718,391,415,52.8857
2719,380,424,52.9714
2720,400,459,53.0571
2721,426,459,53.1429
2722,411,452,53.2286
2723,419,425,53.3143
2724,384,423,53.4
2725,378,435,53.4857
2726,380,442,53.5714
2727,361,456,53.6572
2728,368,462,53.7429
2729,366,456,53.8286
2730,372,466,53.9143
2731,381,466,54
2732,372,467,54.0857
2733,385,452,54.1714
2734,372,456,54.2572
2735,371,438,54.3429
2736,369,442,54.4286
2737,374,427,54.5143
2738,379,413,54.6
2739,375,391,54.6857
2740,386,379,54.7714
2741,368,372,54.8571
2742,373,353,54.9429
2743,376,345,55.0286
2744,378,339,55.1143
2745,366,336,55.2
2746,357,337,55.2857
2747,379,335,55.3714
2748,377,333,55.4572
2749,373,334,55.5429
2750,379,328,55.6286
2751,375,325,55.7143
2752,381,324,55.8
2753,371,319,55.8857
2754,395,315,55.9714
2755,384,313,56.0571
2756,371,314,56.1429
2757,388,314,56.2286
2758,408,318,56.3143
2759,397,328,56.4
2760,391,336,56.4857
2761,369,333,56.5714
2762,387,326,56.6572
2763,395,318,56.7429
2764,372,299,56.8286
2765,378,288,56.9143
2766,376,286,57
2767,368,283,57.0857
2768,360,281,57.1714
2769,377,280,57.2572
2770,376,279,57.3429
2771,364,280,57.4286
2772,369,277,57.5143
2773,372,278,57.6
2774,357,279,57.6857
2775,372,272,57.7714
2776,352,270,57.8571
2777,355,266,57.9429
2778,385,256,58.0286
2779,356,254,58.1143
2780,341,252,58.2
2781,365,254,58.2857
2782,349,268,58.3714
2783,377,269,58.4572
2784,362,271,58.5429
2785,345,276,58.6286
2786,369,273,58.7143
2787,367,276,58.8
2788,391,275,58.8857
2789,390,277,58.9714
2790,392,273,59.0571
2791,374,271,59.1429
2792,376,273,59.2286
2793,369,268,59.3143
2794,376,258,59.4
2795,373,262,59.4857
2796,343,269,59.5714
2797,371,267,59.6572
2798,365,269,59.7429
2799,376,267,59.8286
2800,382,268,59.9143
2801,370,273,60
2802,389,273,60.0857
2803,368,275,60.1714
2804,355,277,60.2572
2805,361,275,60.3429
2806,368,278,60.4286
2807,373,283,60.5143
2808,358,290,60.6
2809,361,296,60.6857
2810,355,298,60.7714
2811,377,301,60.8571
2812,362,300,60.9429
2813,351,304,61.0286
2814,378,316,61.1143
2815,359,331,61.2
2816,375,335,61.2857
2817,384,342,61.3714
2818,382,355,61.4572
2819,381,342,61.5429
2820,374,338,61.6286
2821,384,345,61.7143
2822,375,348,61.8
2823,419,348,61.8857
2824,427,359,61.9714
2825,436,365,62.0571
2826,473,365,62.1429
2827,484,368,62.2286
2828,469,371,62.3143
2829,504,372,62.4
2830,508,373,62.4857
2831,501,378,62.5714
2832,520,381,62.6572
2833,488,384,62.7429
2834,501,386,62.8286
2835,519,386,62.9143
2836,476,388,63
2837,511,386,63.0857
2838,484,391,63.1714
2839,503,389,63.2572
2840,514,386,63.3429
2841,492,389,63.4286
2842,490,388,63.5143
2843,500,386,63.6
2844,502,386,63.6857
2845,506,390,63.7714
2846,477,391,63.8571
2847,517,386,63.9429
2848,491,390,64.0286
2849,486,389,64.1143
2850,513,386,64.2
2851,528,384,64.2857
2852,498,389,64.3714
2853,490,388,64.4572
2854,496,389,64.5429
2855,483,389,64.6286
2856,456,392,64.7143
2857,515,388,64.8
2858,483,390,64.8857
2859,478,390,64.9714
2860,505,388,65.0571
2861,485,390,65.1429
2862,499,388,65.2286
2863,481,390,65.3143
2864,506,387,65.4
2865,484,388,65.4857
2866,472,391,65.5714
2867,494,389,65.6572
2868,474,388,65.7429
2869,493,387,65.8286
2870,498,387,65.9143
2871,460,393,66
2872,491,388,66.0857
2873,453,394,66.1714
2874,478,390,66.2572
2875,487,389,66.3429
2876,454,393,66.4286
2877,456,393,66.5143
2878,473,392,66.6
2879,443,395,66.6857
2880,454,394,66.7714
2881,489,391,66.8571
2882,464,393,66.9429
2883,494,388,67.0286
2884,469,390,67.1143
2885,490,388,67.2
2886,458,393,67.2857
2887,489,387,67.3714
2888,465,392,67.4572
2889,470,392,67.5429
2890,471,392,67.6286
2891,477,389,67.7143
2892,455,394,67.8
2893,474,391,67.8857
2894,450,393,67.9714
2895,477,389,68.0571
2896,487,390,68.1429
2897,445,394,68.2286
2898,496,390,68.3143
2899,441,394,68.4
2900,447,394,68.4857
2901,454,394,68.5714
2902,449,392,68.6572
2903,462,395,68.7429
2904,455,393,68.8286
2905,454,392,68.9143
2906,464,392,69
2907,454,394,69.0857
2908,455,392,69.1714
2909,447,393,69.2572
2910,452,393,69.3429
2911,436,397,69.4286
2912,459,390,69.5143
2913,464,392,69.6
2914,459,391,69.6857
2915,449,393,69.7714
2916,448,392,69.8571
2917,454,392,69.9429
2918,469,391,70.0286
2919,436,395,70.1143
2920,408,397,70.2
2921,425,399,70.2857
2922,443,395,70.3714
2923,447,394,70.4572
2924,449,393,70.5429
2925,457,392,70.6286
2926,438,393,70.7143
2927,431,394,70.8
2928,453,393,70.8857
2929,421,395,70.9714
2930,462,392,71.0571
2931,433,394,71.1429
2932,426,396,71.2286
2933,460,394,71.3143
2934,438,393,71.4
2935,432,396,71.4857
2936,419,394,71.5714
2937,438,395,71.6572
2938,426,395,71.7429
2939,408,397,71.8286
2940,435,394,71.9143
2941,434,394,72
2942,434,394,72.0857
2943,436,395,72.1714
2944,429,395,72.2572
2945,432,395,72.3429
2946,423,397,72.4286
2947,411,397,72.5143
2948,431,397,72.6
2949,413,398,72.6857
2950,450,392,72.7714
2951,417,397,72.8571
2952,437,395,72.9429
2953,419,396,73.0286
2954,437,396,73.1143
2955,451,394,73.2
2956,429,398,73.2857
2957,423,398,73.3714
2958,427,397,73.4572
2959,442,393,73.5429
2960,390,399,73.6286
2961,439,392,73.7143
2962,423,397,73.8
2963,419,397,73.8857
2964,424,397,73.9714
2965,415,395,74.0571
2966,416,398,74.1429
2967,420,396,74.2286
2968,428,395,74.3143
2969,410,398,74.4
2970,400,398,74.4857
2971,430,395,74.5714
2972,402,400,74.6572
2973,421,397,74.7429
2974,440,393,74.8286
2975,403,396,74.9143
2976,408,397,75
2977,422,398,75.0857
2978,412,398,75.1714
2979,422,398,75.2572
2980,419,395,75.3429
2981,432,393,75.4286
2982,409,399,75.5143
2983,452,392,75.6
2984,418,399,75.6857
2985,421,397,75.7714
2986,430,394,75.8571
2987,410,398,75.9429
2988,432,395,76.0286
2989,408,397,76.1143
2990,432,394,76.2
2991,392,398,76.2857
2992,439,393,76.3714
2993,421,395,76.4572
2994,412,393,76.5429
2995,418,388,76.6286
2996,415,383,76.7143
2997,459,367,76.8
2998,423,364,76.8857
2999,420,353,76.9714
3000,421,346,77.0572
3001,389,348,77.1429
3002,402,348,77.2286
3003,407,351,77.3143
3004,376,355,77.4
3005,428,349,77.4857
3006,415,351,77.5714
3007,404,354,77.6571
3008,415,352,77.7429
3009,408,355,77.8286
3010,413,354,77.9143
3011,425,354,78
3012,399,356,78.0857
3013,394,361,78.1714
3014,413,360,78.2571
3015,420,365,78.3429
3016,396,373,78.4286
3017,413,389,78.5143
3018,379,410,78.6
3019,410,422,78.6857
3020,409,420,78.7714
3021,413,412,78.8571
3022,423,396,78.9429
3023,405,388,79.0286
3024,422,373,79.1143
3025,397,366,79.2
3026,405,356,79.2857
3027,401,353,79.3714
3028,384,351,79.4572
3029,388,349,79.5429
3030,385,349,79.6286
3031,401,350,79.7143
3032,397,353,79.8
3033,372,361,79.8857
3034,385,359,79.9714
3035,379,359,80.0572
3036,379,353,80.1429
3037,391,349,80.2286
3038,387,346,80.3143
3039,386,347,80.4
3040,387,342,80.4857
3041,364,343,80.5714
3042,387,340,80.6571
3043,359,339,80.7429
3044,360,339,80.8286
3045,375,338,80.9143
3046,385,335,81
3047,375,336,81.0857
3048,383,331,81.1714
3049,365,333,81.2571
3050,392,330,81.3429
3051,362,339,81.4286
3052,369,346,81.5143
3053,387,348,81.6
3054,392,348,81.6857
3055,364,352,81.7714
3056,382,351,81.8571
3057,371,353,81.9429
3058,382,348,82.0286
3059,385,350,82.1143
3060,361,352,82.2
3061,373,352,82.2857
3062,353,354,82.3714
3063,357,352,82.4572
3064,366,350,82.5429
3065,370,351,82.6286
3066,365,353,82.7143
3067,398,352,82.8
3068,382,353,82.8857
3069,369,351,82.9714
3070,371,343,83.0572
3071,339,335,83.1429
3072,326,317,83.2286
3073,353,312,83.3143
3074,351,321,83.4
3075,356,335,83.4857
3076,369,341,83.5714
3077,348,351,83.6571
3078,375,351,83.7429
3079,342,357,83.8286
3080,337,359,83.9143
3081,349,357,84
3082,343,359,84.0857
3083,353,358,84.1714
3084,334,359,84.2571
3085,349,360,84.3429
3086,341,360,84.4286
3087,350,358,84.5143
3088,355,356,84.6
3089,349,358,84.6857
3090,328,356,84.7714
3091,346,349,84.8571
3092,336,344,84.9429
3093,348,335,85.0286
3094,311,335,85.1143
3095,299,342,85.2
3096,334,352,85.2857
3097,338,386,85.3714
3098,326,427,85.4572
3099,332,453,85.5429
3100,324,478,85.6286
3101,325,494,85.7143
3102,331,500,85.8
3103,333,500,85.8857
3104,331,497,85.9714
3105,352,495,86.0572
3106,329,494,86.1429
3107,329,497,86.2286
3108,334,495,86.3143
3109,342,495,86.4
3110,329,505,86.4857
3111,336,504,86.5714
3112,326,508,86.6571
3113,317,519,86.7429
3114,329,513,86.8286
3115,317,520,86.9143
3116,336,526,87
3117,355,523,87.0857
3118,341,533,87.1714
3119,343,533,87.2571
3120,335,525,87.3429
3121,348,522,87.4286
3122,337,525,87.5143
3123,336,523,87.6
3124,332,524,87.6857
3125,334,524,87.7714
3126,356,528,87.8571
3127,341,528,87.9429
3128,325,524,88.0286
3129,332,524,88.1143
3130,347,520,88.2
3131,319,518,88.2857
3132,343,511,88.3714
3133,342,512,88.4572
3134,328,519,88.5429
3135,323,520,88.6286
3136,310,524,88.7143
3137,333,523,88.8
3138,332,526,88.8857
3139,326,527,88.9714
3140,334,527,89.0572
3141,328,511,89.1429
3142,340,513,89.2286
3143,339,510,89.3143
3144,336,507,89.4
3145,333,513,89.4857
3146,347,512,89.5714
3147,339,508,89.6571
3148,334,511,89.7429
3149,336,508,89.8286
3150,320,512,89.9143
3151,329,503,90
3152,333,491,90.0857
3153,315,493,90.1714
3154,319,494,90.2571
3155,316,492,90.3429
3156,315,489,90.4286
3157,308,490,90.5143
3158,313,487,90.6
3159,304,498,90.6857
3160,303,496,90.7714
3161,292,496,90.8571
3162,301,491,90.9429
3163,307,482,91.0286
3164,298,482,91.1143
3165,298,487,91.2
3166,302,494,91.2857
3167,304,495,91.3714
3168,279,496,91.4572
3169,306,496,91.5429
3170,321,494,91.6286
3171,272,505,91.7143
3172,268,505,91.8
3173,297,495,91.8857
3174,277,491,91.9714
3175,275,494,92.0572
3176,269,493,92.1429
3177,287,488,92.2286
3178,298,481,92.3143
3179,288,473,92.4
3180,275,474,92.4857
3181,279,466,92.5714
3182,267,459,92.6572
3183,270,438,92.7429
3184,258,419,92.8286
3185,264,395,92.9143
3186,262,396,93
3187,261,398,93.0857
3188,255,425,93.1714
3189,274,447,93.2571
3190,257,479,93.3429
3191,276,506,93.4286
3192,291,524,93.5143
3193,274,530,93.6
3194,286,520,93.6857
3195,276,500,93.7714
3196,263,479,93.8571
3197,270,445,93.9429
3198,281,403,94.0286
3199,259,373,94.1143
3200,259,362,94.2
3201,254,357,94.2857
3202,266,356,94.3714
3203,267,359,94.4572
3204,260,362,94.5429
3205,251,369,94.6286
3206,262,372,94.7143
3207,265,370,94.8
3208,282,372,94.8857
3209,255,373,94.9714
3210,252,373,95.0572
3211,271,371,95.1429
3212,255,374,95.2286
3213,267,370,95.3143
3214,254,370,95.4
3215,265,372,95.4857
3216,275,371,95.5714
3217,274,371,95.6572
3218,253,370,95.7429
3219,266,364,95.8286
3220,275,356,95.9143
3221,275,352,96
3222,282,349,96.0857
3223,285,351,96.1714
3224,278,355,96.2571
3225,273,358,96.3429
3226,281,361,96.4286
3227,280,369,96.5143
3228,293,378,96.6
3229,290,390,96.6857
3230,311,388,96.7714
3231,286,377,96.8571
3232,289,366,96.9429
3233,305,358,97.0286
3234,288,353,97.1143
3235,278,351,97.2
3236,289,346,97.2857
3237,293,341,97.3714
3238,307,335,97.4572
3239,296,331,97.5429
3240,290,327,97.6286
3241,286,326,97.7143
3242,285,321,97.8
3243,296,315,97.8857
3244,292,309,97.9714
3245,285,304,98.0572
3246,303,300,98.1429
3247,283,299,98.2286
3248,299,296,98.3143
3249,287,298,98.4
3250,312,293,98.4857
3251,307,294,98.5714
3252,316,295,98.6572
3253,319,300,98.7429
3254,328,301,98.8286
3255,336,304,98.9143
3256,344,307,99
3257,328,313,99.0857
3258,343,315,99.1714
3259,360,314,99.2571
3260,376,315,99.3429
3261,354,317,99.4286
3262,342,320,99.5143
3263,335,319,99.6
3264,356,318,99.6857
3265,342,317,99.7714
3266,352,316,99.8571
3267,338,313,99.9429
3268,356,308,100.029
3269,332,303,100.114
3270,343,291,100.2
3271,311,276,100.286
3272,274,260,100.371
3273,256,250,100.457
3274,252,240,100.543
3275,251,231,100.629
3276,215,221,100.714
3277,228,216,100.8
3278,207,219,100.886
3279,198,223,100.971
3280,211,220,101.057
3281,222,222,101.143
3282,200,223,101.229
3283,210,226,101.314
3284,211,226,101.4
3285,198,231,101.486
3286,211,229,101.571
3287,202,233,101.657
3288,207,235,101.743
3289,209,236,101.829
3290,220,235,101.914
3291,209,242,102
3292,237,243,102.086
3293,210,249,102.171
3294,227,255,102.257
3295,235,252,102.343
3296,209,258,102.429
3297,226,258,102.514
3298,225,254,102.6
3299,234,252,102.686
3300,216,256,102.771
3301,221,252,102.857
3302,211,256,102.943
3303,226,253,103.029
3304,218,258,103.114
3305,240,254,103.2
3306,223,250,103.286
3307,229,248,103.371
3308,216,247,103.457
3309,220,250,103.543
3310,230,246,103.629
3311,212,252,103.714
3312,219,249,103.8
3313,209,252,103.886
3314,201,251,103.971
3315,222,250,104.057
3316,207,252,104.143
3317,222,252,104.229
3318,220,252,104.314
3319,216,254,104.4
3320,227,254,104.486
3321,227,255,104.571
3322,217,256,104.657
3323,204,257,104.743
3324,205,259,104.829
3325,209,261,104.914
3326,210,264,105
3327,211,263,105.086
3328,222,260,105.171
3329,199,263,105.257
3330,209,263,105.343
3331,206,264,105.429
3332,222,262,105.514
3333,200,264,105.6
3334,223,262,105.686
3335,223,260,105.771
3336,213,260,105.857
3337,219,259,105.943
3338,227,260,106.029
3339,202,260,106.114
3340,236,257,106.2
3341,219,260,106.286
3342,216,260,106.371
3343,223,262,106.457
3344,215,263,106.543
3345,231,265,106.629
3346,232,267,106.714
3347,226,277,106.8
3348,239,284,106.886
3349,233,290,106.971
3350,242,292,107.057
3351,229,299,107.143
3352,236,300,107.229
3353,239,300,107.314
3354,249,297,107.4
3355,252,299,107.486
3356,245,300,107.571
3357,253,298,107.657
3358,253,295,107.743
3359,252,297,107.829
3360,249,294,107.914
3361,248,293,108
3362,257,285,108.086
3363,250,285,108.171
3364,232,283,108.257
3365,241,273,108.343
3366,226,267,108.429
3367,238,257,108.514
3368,237,252,108.6
3369,224,248,108.686
3370,216,248,108.771
3371,224,243,108.857
3372,229,242,108.943
3373,226,240,109.029
3374,221,239,109.114
3375,214,241,109.2
3376,237,236,109.286
3377,225,238,109.371
3378,211,237,109.457
3379,217,234,109.543
3380,208,238,109.629
3381,229,233,109.714
3382,207,236,109.8
3383,212,236,109.886
3384,221,237,109.971
3385,221,233,110.057
3386,200,236,110.143
3387,233,227,110.229
3388,226,229,110.314
3389,213,230,110.4
3390,238,226,110.486
3391,222,228,110.571
3392,238,221,110.657
3393,225,225,110.743
3394,207,224,110.829
3395,210,225,110.914
3396,233,222,111
3397,204,228,111.086
3398,223,224,111.171
3399,232,220,111.257
3400,219,224,111.343
3401,209,224,111.429
3402,223,217,111.514
3403,203,219,111.6
3404,226,214,111.686
3405,221,214,111.771
3406,213,213,111.857
3407,225,214,111.943
3408,222,214,112.029
3409,209,214,112.114
3410,216,211,112.2
3411,215,206,112.286
3412,216,207,112.371
3413,225,203,112.457
3414,212,204,112.543
3415,226,203,112.629
3416,217,199,112.714
3417,219,201,112.8
3418,229,196,112.886
3419,216,200,112.971
3420,235,198,113.057
3421,227,196,113.143
3422,191,200,113.229
3423,209,199,113.314
3424,220,197,113.4
3425,218,199,113.486
3426,201,196,113.571
3427,216,192,113.657
3428,222,190,113.743
3429,212,191,113.829
3430,217,186,113.914
3431,214,190,114
3432,226,187,114.086
3433,226,185,114.171
3434,214,188,114.257
3435,211,183,114.343
3436,190,188,114.429
3437,212,183,114.514
3438,221,179,114.6
3439,207,180,114.686
3440,211,180,114.771
3441,232,181,114.857
3442,220,181,114.943
3443,222,182,115.029
3444,201,182,115.114
3445,220,175,115.2
3446,217,175,115.286
3447,238,176,115.371
3448,187,178,115.457
3449,235,175,115.543
3450,231,174,115.629
3451,212,177,115.714
3452,218,176,115.8
3453,193,175,115.886
3454,215,175,115.971
3455,213,172,116.057
3456,211,171,116.143
3457,213,176,116.229
3458,219,171,116.314
3459,205,171,116.4
3460,218,169,116.486
3461,212,168,116.571
3462,219,170,116.657
3463,228,173,116.743
3464,205,173,116.829
3465,227,182,116.914
3466,231,184,117
3467,216,204,117.086
3468,225,226,117.171
3469,221,237,117.257
3470,216,248,117.343
3471,228,260,117.429
3472,238,271,117.514
3473,229,281,117.6
3474,221,289,117.686
3475,232,293,117.771
3476,216,296,117.857
3477,225,296,117.943
3478,218,299,118.029
3479,224,294,118.114
3480,235,290,118.2
3481,235,284,118.286
3482,234,274,118.371
3483,238,271,118.457
3484,227,261,118.543
3485,230,249,118.629
3486,241,238,118.714
3487,221,228,118.8
3488,239,223,118.886
3489,217,225,118.971
3490,223,232,119.057
3491,229,233,119.143
3492,214,240,119.229
3493,221,241,119.314
3494,239,242,119.4
3495,211,249,119.486
3496,234,248,119.571
3497,242,252,119.657
3498,239,250,119.743
3499,240,250,119.829
3500,226,253,119.914
3501,240,251,120
3502,222,254,120.086
3503,223,253,120.171
3504,230,252,120.257
3505,235,254,120.343
3506,246,250,120.429
3507,225,253,120.514
3508,237,251,120.6
3509,219,252,120.686
3510,233,252,120.771
3511,243,252,120.857
3512,228,254,120.943
3513,241,252,121.029
3514,230,251,121.114
3515,239,251,121.2
3516,226,252,121.286
3517,232,252,121.371
3518,242,251,121.457
3519,244,251,121.543
3520,219,254,121.629
3521,230,254,121.714
3522,237,250,121.8
3523,247,252,121.886
3524,223,251,121.971
3525,234,253,122.057
3526,231,252,122.143
3527,230,252,122.229
3528,250,250,122.314
3529,222,255,122.4
3530,230,252,122.486
3531,220,254,122.571
3532,235,252,122.657
3533,247,251,122.743
3534,238,253,122.829
3535,241,250,122.914
3536,246,251,123
3537,245,250,123.086
3538,232,249,123.171
3539,240,247,123.257
3540,222,246,123.343
3541,239,242,123.429
3542,227,238,123.514
3543,225,237,123.6
3544,234,230,123.686
3545,238,225,123.771
3546,238,219,123.857
3547,229,216,123.943
3548,230,208,124.029
3549,239,198,124.114
3550,243,185,124.2
3551,227,169,124.286
3552,231,164,124.371
3553,223,164,124.457
3554,220,161,124.543
3555,233,161,124.629
3556,226,164,124.714
3557,236,158,124.8
3558,230,160,124.886
3559,242,153,124.971
3560,223,157,125.057
3561,222,159,125.143
3562,219,153,125.229
3563,232,154,125.314
3564,221,154,125.4
3565,215,151,125.486
3566,217,157,125.571
3567,209,153,125.657
3568,197,152,125.743
3569,222,149,125.829
3570,193,147,125.914
3571,198,146,126
3572,214,145,126.086
3573,222,143,126.171
3574,239,141,126.257
3575,209,144,126.343
3576,225,146,126.429
3577,214,145,126.514
3578,230,142,126.6
3579,218,146,126.686
3580,201,146,126.771
3581,212,142,126.857
3582,216,148,126.943
3583,220,144,127.029
3584,226,144,127.114
3585,233,142,127.2
3586,206,148,127.286
3587,245,141,127.371
3588,229,144,127.457
3589,209,147,127.543
3590,210,145,127.629
3591,236,140,127.714
3592,219,147,127.8
3593,214,145,127.886
3594,229,144,127.971
3595,240,146,128.057
3596,214,145,128.143
3597,234,149,128.229
3598,236,146,128.314
3599,242,149,128.4
3600,231,153,128.486
3601,245,154,128.571
3602,252,153,128.657
3603,274,157,128.743
3604,271,161,128.829
3605,267,159,128.914
3606,255,159,129
3607,254,160,129.086
3608,258,158,129.171
3609,222,158,129.257
3610,246,155,129.343
3611,251,155,129.429
3612,262,151,129.514
3613,239,155,129.6
3614,230,155,129.686
3615,239,153,129.771
3616,253,155,129.857
3617,242,157,129.943
3618,263,157,130.029
3619,235,157,130.114
3620,229,165,130.2
3621,272,167,130.286
3622,263,169,130.371
3623,286,177,130.457
3624,278,180,130.543
3625,290,183,130.629
3626,305,201,130.714
3627,347,227,130.8
3628,399,254,130.886
3629,428,278,130.971
3630,431,301,131.057
3631,438,316,131.143
3632,454,326,131.229
3633,435,338,131.314
3634,478,342,131.4
3635,458,350,131.486
3636,454,356,131.571
3637,459,360,131.657
3638,455,364,131.743
3639,480,367,131.829
3640,472,370,131.914
3641,479,372,132
3642,471,376,132.086
3643,463,384,132.171
3644,469,386,132.257
3645,476,389,132.343
3646,476,393,132.429
3647,506,396,132.514
3648,461,407,132.6
3649,455,423,132.686
3650,481,452,132.771
3651,451,488,132.857
3652,481,520,132.943
3653,482,551,133.029
3654,509,575,133.114
3655,498,595,133.2
3656,508,613,133.286
3657,510,656,133.371
3658,540,777,133.457
3659,562,919,133.543
3660,582,1013,133.629
3661,596,1082,133.714
3662,592,1138,133.8
3663,623,1182,133.886
3664,593,1206,133.971
3665,622,1228,134.057
3666,642,1268,134.143
3667,591,1319,134.229
3668,629,1359,134.314
3669,622,1420,134.4
3670,605,1481,134.486
3671,625,1554,134.571
3672,632,1590,134.657
3673,636,1628,134.743
3674,619,1667,134.829
3675,621,1714,134.914
3676,629,1762,135
3677,644,1822,135.086
3678,673,1907,135.171
3679,631,1667,135.257
3680,653,1684,135.343
3681,597,1705,135.429
3682,614,1695,135.514
3683,650,1692,135.6
3684,609,1679,135.686
3685,622,1690,135.771
3686,636,1689,135.857
3687,666,1699,135.943
3688,642,1883,136.029
3689,663,1801,136.114
3690,669,1733,136.2
3691,649,1727,136.286
3692,698,1697,136.371
3693,641,1652,136.457
3694,637,1607,136.543
3695,655,1585,136.629
3696,631,1558,136.714
3697,684,1522,136.8
3698,654,1471,136.886
3699,661,1395,136.971
3700,605,1343,137.057
3701,643,1320,137.143
3702,659,1282,137.229
3703,622,1253,137.314
3704,604,1201,137.4
3705,660,1115,137.486
3706,641,1042,137.571
3707,633,921,137.657
3708,620,725,137.743
3709,614,519,137.829
3710,612,463,137.914
3711,572,449,138
3712,594,430,138.086
3713,600,417,138.171
3714,606,407,138.257
3715,569,406,138.343
3716,638,396,138.429
3717,562,403,138.514
3718,561,402,138.6
3719,585,399,138.686
3720,597,398,138.771
3721,607,394,138.857
3722,584,396,138.943
3723,639,392,139.029
3724,591,397,139.114
3725,585,397,139.2
3726,621,393,139.286
3727,592,397,139.371
3728,572,400,139.457
3729,620,393,139.543
3730,591,397,139.629
3731,591,396,139.714
3732,608,393,139.8
3733,591,398,139.886
3734,588,398,139.971
3735,612,394,140.057
3736,623,393,140.143
3737,592,399,140.229
3738,593,396,140.314
3739,619,395,140.4
3740,615,395,140.486
3741,625,395,140.571
3742,650,393,140.657
3743,607,396,140.743
3744,597,400,140.829
3745,579,400,140.914
3746,614,395,141
3747,610,397,141.086
3748,576,401,141.171
3749,610,397,141.257
3750,626,396,141.343
3751,595,398,141.429
3752,583,400,141.514
3753,597,399,141.6
3754,613,396,141.686
3755,573,402,141.771
3756,590,400,141.857
3757,620,398,141.943
3758,596,401,142.029
3759,612,397,142.114
3760,601,397,142.2
3761,609,399,142.286
3762,592,400,142.371
3763,561,405,142.457
3764,588,401,142.543
3765,608,400,142.629
3766,611,399,142.714
3767,607,399,142.8
3768,598,400,142.886
3769,616,400,142.971
3770,620,398,143.057
3771,597,401,143.143
3772,608,400,143.229
3773,599,399,143.314
3774,610,401,143.4
3775,616,400,143.486
3776,591,403,143.571
3777,599,400,143.657
3778,637,398,143.743
3779,586,402,143.829
3780,630,398,143.914
3781,613,399,144
3782,629,399,144.086
3783,622,400,144.171
3784,644,394,144.257
3785,631,398,144.343
3786,628,399,144.429
3787,638,397,144.514
3788,616,403,144.6
3789,637,397,144.686
3790,651,396,144.771
3791,610,401,144.857
3792,629,398,144.943
3793,642,397,145.029
3794,638,399,145.114
3795,632,400,145.2
3796,666,397,145.286
3797,597,405,145.371
3798,637,398,145.457
3799,651,399,145.543
3800,632,401,145.629
3801,610,401,145.714
3802,600,402,145.8
3803,658,396,145.886
3804,670,395,145.971
3805,623,401,146.057
3806,656,397,146.143
3807,614,401,146.229
3808,602,404,146.314
3809,666,394,146.4
3810,678,389,146.486
3811,666,392,146.571
3812,631,394,146.657
3813,668,388,146.743
3814,668,387,146.829
3815,696,382,146.914
3816,652,385,147
3817,651,384,147.086
3818,690,378,147.171
3819,668,377,147.257
3820,669,377,147.343
3821,634,379,147.429
3822,616,375,147.514
3823,624,372,147.6
3824,589,368,147.686
3825,588,358,147.771
3826,588,345,147.857
3827,564,328,147.943
3828,564,298,148.029
3829,502,234,148.114
3830,315,148,148.2
3831,326,141,148.286
3832,296,140,148.371
3833,290,136,148.457
3834,299,143,148.543
3835,310,135,148.629
3836,324,130,148.714
3837,305,134,148.8
3838,322,129,148.886
3839,298,128,148.971
3840,289,134,149.057
3841,333,133,149.143
3842,311,130,149.229
3843,302,131,149.314
3844,309,130,149.4
3845,297,131,149.486
3846,301,133,149.571
3847,319,128,149.657
3848,300,130,149.743
3849,302,127,149.829
3850,301,130,149.914
3851,317,124,150
3852,317,126,150.086
3853,315,127,150.171
3854,319,120,150.257
3855,316,124,150.343
3856,301,125,150.429
3857,311,120,150.514
3858,300,126,150.6
3859,327,142,150.686
3860,311,163,150.771
3861,324,166,150.857
3862,334,167,150.943
3863,330,168,151.029
3864,313,169,151.114
3865,318,170,151.2
3866,323,164,151.286
3867,315,166,151.371
3868,323,158,151.457
3869,303,128,151.543
3870,318,102,151.629
3871,290,100,151.714
3872,298,96,151.8
3873,322,94,151.886
3874,318,95,151.971
3875,291,93,152.057
3876,331,86,152.143
3877,297,95,152.229
3878,308,90,152.314
3879,279,88,152.4
3880,300,92,152.486
3881,315,86,152.571
3882,304,84,152.657
3883,326,79,152.743
3884,319,84,152.829
3885,297,78,152.914
3886,309,86,153
3887,282,70,153.086
3888,271,71,153.171
3889,268,68,153.257
3890,1048575,6,153.343
3891,1048575,6,153.429
3892,1575,256,153.514
3893,1579,265,153.6
3894,1582,270,153.686
3895,1583,274,153.771
3896,1580,279,153.857
3897,1585,284,153.943
3898,1585,287,154.029
3899,1598,288,154.114
3900,1604,289,154.2
3901,1597,291,154.286
3902,1602,288,154.371
3903,1624,287,154.457
3904,1605,291,154.543
3905,1604,296,154.629
3906,1630,297,154.714
3907,1613,299,154.8
3908,1637,299,154.886
3909,1640,298,154.971
3910,1625,300,155.057
3911,1652,300,155.143
3912,1637,302,155.229
3913,1642,303,155.314
3914,1665,303,155.4
3915,1658,301,155.486
3916,1672,301,155.571
3917,1687,302,155.657
3918,1672,302,155.743
3919,1680,302,155.829
3920,1684,303,155.914
3921,1684,302,156
3922,1687,303,156.086
3923,1699,303,156.171
3924,1704,300,156.257
3925,1718,302,156.343
3926,1715,302,156.429
3927,1723,301,156.514
3928,1724,301,156.6
3929,1719,302,156.686
3930,1730,300,156.771
3931,1732,302,156.857
3932,1740,300,156.943
3933,1752,298,157.029
3934,1757,299,157.114
3935,1753,299,157.2
3936,1771,301,157.286
3937,1771,297,157.371
3938,1772,300,157.457
3939,1781,299,157.543
3940,1775,298,157.629
3941,1777,300,157.714
3942,1784,298,157.8
3943,1793,300,157.886
3944,1816,297,157.971
3945,1795,299,158.057
3946,1818,297,158.143
3947,1820,296,158.229
3948,1814,299,158.314
3949,1827,297,158.4
3950,1832,295,158.486
3951,1841,296,158.571
3952,1849,296,158.657
3953,1847,297,158.743
3954,1866,294,158.829
3955,1846,296,158.914
3956,1866,295,159
3957,1873,295,159.086
3958,1874,293,159.171
3959,1887,294,159.257
3960,1894,295,159.343
3961,1896,294,159.429
3962,1901,294,159.514
3963,1909,292,159.6
3964,1927,291,159.686
3965,1924,292,159.771
3966,1926,291,159.857
3967,1931,293,159.943
3968,1944,291,160.029
3969,1945,290,160.114
3970,1955,291,160.2
3971,1978,289,160.286
3972,1980,288,160.371
3973,1988,290,160.457
3974,1976,291,160.543
3975,1996,289,160.629
3976,1992,289,160.714
3977,1998,288,160.8
3978,2011,289,160.886
3979,2020,289,160.971
3980,2017,289,161.057
3981,2039,288,161.143
3982,2032,288,161.229
3983,2038,287,161.314
3984,2036,290,161.4
3985,2054,288,161.486
3986,2069,287,161.571
3987,2071,288,161.657
3988,2070,286,161.743
3989,2098,285,161.829
3990,2093,287,161.914
3991,2100,283,162
3992,2118,285,162.086
3993,2113,285,162.171
3994,2117,285,162.257
3995,2116,284,162.343
3996,2143,285,162.429
3997,2147,283,162.514
3998,2162,282,162.6
3999,2174,282,162.686
4000,2167,284,162.771
4001,2177,284,162.857
4002,2192,282,162.943
4003,2194,264,163.029
4004,2209,258,163.114
4005,2223,258,163.2
4006,2212,259,163.286
4007,2220,262,163.371
4008,2239,259,163.457
4009,2247,257,163.543
4010,2269,255,163.629
4011,2269,256,163.714
4012,2279,257,163.8
4013,2282,257,163.886
4014,2296,256,163.971
4015,2305,256,164.057
4016,2318,256,164.143
4017,2324,254,164.229
4018,2332,257,164.314
4019,2346,258,164.4
4020,2352,257,164.486
4021,2374,255,164.571
4022,2382,254,164.657
4023,2385,256,164.743
4024,2396,255,164.829
4025,2415,254,164.914
4026,2408,257,165
4027,2442,254,165.086
4028,2440,255,165.171
4029,2453,255,165.257
4030,2462,255,165.343
4031,2482,252,165.429
4032,2483,257,165.514
4033,2494,253,165.6
4034,2505,253,165.686
4035,2522,253,165.771
4036,2539,254,165.857
4037,2527,258,165.943
4038,2558,256,166.029
4039,2582,256,166.114
4040,2593,258,166.2
4041,2592,261,166.286
4042,2615,261,166.371
4043,2623,263,166.457
4044,2646,264,166.543
4045,2653,268,166.629
4046,2649,268,166.714
4047,2675,265,166.8
4048,2688,269,166.886
4049,2717,284,166.971
4050,2741,281,167.057
4051,2740,275,167.143
4052,2722,279,167.229
4053,2736,288,167.314
4054,2749,291,167.4
4055,2792,300,167.486
4056,2791,312,167.571
4057,2805,322,167.657
4058,2801,334,167.743
4059,2805,363,167.829
4060,2796,417,167.914
4061,2806,472,168
4062,2814,554,168.086
4063,2817,830,168.171
4064,2814,1054,168.257
4065,2817,1162,168.343
4066,2806,1237,168.429
4067,2803,1293,168.514
4068,2803,1355,168.6
4069,2794,1446,168.686
4070,2797,1562,168.771
4071,2810,1614,168.857
4072,2798,1617,168.943
4073,2806,1476,169.029
4074,2808,1390,169.114
4075,2808,1317,169.2
4076,2816,1232,169.286
4077,2814,1182,169.371
4078,2822,1119,169.457
4079,2810,1005,169.543
4080,2818,778,169.629
4081,2799,549,169.714
4082,2819,487,169.8
4083,2804,443,169.886
4084,2809,400,169.971
4085,2816,355,170.057
4086,2824,337,170.143
4087,2814,329,170.229
4088,2829,320,170.314
4089,2827,312,170.4
4090,2853,304,170.486
4091,2864,299,170.571
4092,2876,293,170.657
4093,2899,289,170.743
4094,2941,281,170.829
4095,2947,275,170.914
4096,2989,269,171
4097,2995,266,171.086
4098,3055,261,171.171
4099,3120,261,171.257
4100,3179,282,171.343
4101,3207,282,171.429
4102,3225,281,171.514
4103,3417,257,171.6
4104,3362,268,171.686
4105,3587,239,171.771
4106,3609,239,171.857
4107,3649,237,171.943
4108,3692,208,172.029
4109,3751,200,172.114
4110,3765,208,172.2
4111,3819,204,172.286
4112,3854,211,172.371
4113,3885,209,172.457
4114,3900,213,172.543
4115,3944,213,172.629
4116,3985,213,172.714
4117,4021,219,172.8
4118,4044,223,172.886
4119,4083,230,172.971
4120,4132,235,173.057
4121,4172,245,173.143
4122,4196,251,173.229
4123,4260,255,173.314
4124,4311,266,173.4
4125,4320,279,173.486
4126,4373,286,173.571
4127,4400,293,173.657
4128,4425,295,173.743
4129,4414,305,173.829
4130,4442,315,173.914
4131,4473,325,174
4132,4470,342,174.086
4133,4485,378,174.171
4134,4490,430,174.257
4135,4490,547,174.343
4136,4500,881,174.429
4137,4504,1040,174.514
4138,4473,1139,174.6
4139,4488,1204,174.686
4140,4475,1334,174.771
4141,4490,1386,174.857
4142,4472,1312,174.943
4143,4481,1187,175.029
4144,4490,1125,175.114
4145,4487,1040,175.2
4146,4503,863,175.286
4147,4488,490,175.371
4148,4473,396,175.457
4149,4496,358,175.543
4150,4478,347,175.629
4151,4502,342,175.714
4152,4531,338,175.8
4153,4508,337,175.886
4154,4527,336,175.971
4155,4552,335,176.057
4156,4586,329,176.143
4157,4619,329,176.229
4158,4629,327,176.314
4159,4659,326,176.4
4160,4709,319,176.486
4161,4766,313,176.571
4162,4488,85,176.657
4163,4474,40,176.743
4164,5958,187,176.829
4165,6048,192,176.914
4166,6127,196,177
4167,6171,190,177.086
4168,6242,188,177.171
4169,6329,185,177.257
4170,6362,190,177.343
4171,6425,215,177.429
4172,6460,268,177.514
4173,6461,260,177.6
4174,6395,244,177.686
4175,6411,239,177.771
4176,6409,238,177.857
4177,6397,239,177.943
4178,6394,235,178.029
4179,6380,241,178.114
4180,6396,239,178.2
4181,6399,237,178.286
4182,6386,237,178.371
4183,6390,237,178.457
4184,6392,239,178.543
4185,6392,240,178.629
4186,6370,240,178.714
4187,6382,239,178.8
4188,6380,235,178.886
4189,6381,238,178.971
4190,6374,242,179.057
4191,6379,238,179.143
4192,6386,238,179.229
4193,6395,240,179.314
4194,6399,238,179.4
4195,6388,242,179.486
4196,6395,239,179.571
4197,6380,243,179.657
4198,6378,243,179.743
4199,6381,242,179.829
4200,6375,242,179.914
